unique_registros_ID,voucher,genus,species,subspecies,if_hybrid,sex,Municipality-Department-Country,locality,lat_dec,lon_dec,elev_min,elev_max,elev_unit,day,month,year,date_if_string,collector,collection
1440,1231250267,Heliconius,erato,etylus,,desconocido,"Zamora, Zamora Chinchipe, Ecuador",Zamora ZC,-4.07,-78.97,NA,NA,m,NA,NA,NA,NA,NA,KB 1979
6040,841210,Heliconius,erato,etylus,,macho,"Tena, Napo, Ecuador","Napo, Rio Napo, ",-1.05,-77.78,NA,NA,m,NA,NA,1927,9-Aug,"Spillmann, W.",BMNH
6041,841211,Heliconius,erato,etylus,,macho,"Baños de Agua Santa, Tungurahua, Ecuador",Rio Verde Grande TU,-1.4,-78.3,5000,5000,ft,NA,Jan,1912,NA,"Palmer, M.G.",BMNH
6076,841213,Heliconius,erato,etylus,,macho,"Archidona, Napo, Ecuador",Churuyacu,-0.82,-77.78,NA,NA,m,NA,NA,NA,NA,Buckley,BMNH
6077,841214,Heliconius,erato,etylus,,macho,"Morona, Morona Santiago, Ecuador",Macas,-2.32,-78.12,NA,NA,m,NA,Feb,1928,NA,"Spillmann, W.",BMNH
6078,841215,Heliconius,erato,etylus,,macho,"Gualaquiza, Morona Santiago, Ecuador",Gualaquiza,-3.42,-78.6,NA,NA,m,NA,NA,NA,NA,NA,BMNH
6080,841217,Heliconius,erato,etylus,,macho,"Zamora, Zamora Chinchipe, Ecuador",Zamora ZC,-4.07,-78.97,3000,4000,ft,NA,NA,NA,NA,"Baron, O.T.",BMNH
6102,841219,Heliconius,erato,etylus,,macho,"Loja, Loja, Ecuador",Loja LO,-4,-79.22,NA,NA,m,NA,NA,1888,NA,NA,BMNH
16424,1231234391,Heliconius,erato,etylus,,unknown,"Centinela del Condor, Zamora Chinchipe, Ecuador",Zumbi SZ,-3.89,-78.78,700,700,m,NA,NA,1941,NA,"Laddey, D.B.",FLMNH (not labelled) - Basement
16426,1231234393,Heliconius,erato,etylus,,unknown,"Zamora, Zamora Chinchipe, Ecuador",Zamora ZC,-4.07,-78.97,1000,1000,m,NA,NA,1941,NA,"Laddey, D.B.",FLMNH (not labelled) - Basement
17061,1231235028,Heliconius,erato,etylus,,unknown,"Morona, Morona Santiago, Ecuador",Macas,-2.32,-78.12,NA,NA,m,NA,NA,NA,NA,NA,NHM Accessions
17062,1231235029,Heliconius,erato,etylus,,unknown,"Gualaquiza, Morona Santiago, Ecuador",Gualaquiza,-3.42,-78.6,NA,NA,m,NA,NA,NA,NA,NA,NHM Accessions
17106,1231235073,Heliconius,erato,etylus,,unknown,"Sucua, Morona Santiago, Ecuador",Limon 72km N of,-2.58,-78.2,630,630,m,28,Mar,1975,NA,Bristow,NHM Accessions
17107,1231235074,Heliconius,erato,etylus,,unknown,"Sucua, Morona Santiago, Ecuador",Limon 58km N (Rio Chupiataza),-2.47,-78.2,610,610,m,28,Mar,1975,NA,Bristow,NHM Accessions
17108,1231235075,Heliconius,erato,etylus,,unknown,"Logroño, Morona Santiago, Ecuador",Limon 48km N,-2.63,-78.2,580,580,m,27,Mar,1975,NA,Bristow,NHM Accessions
17109,1231235076,Heliconius,erato,etylus,,unknown,"Limon Indanza, Morona Santiago, Ecuador",Limon 24km N,-2.83,-78.32,770,770,m,27,Mar,1975,NA,Bristow,NHM Accessions
26207,5588,Heliconius,erato,etylus,,macho,"Zamora, Zamora Chinchipe, Ecuador",Zamora - Loja km 8 ZC,-4.03,-79.02,1450,1450,m,22,Jan,1992,NA,NA,FLMNH
26208,5592,Heliconius,erato,etylus,,macho,"Zamora, Zamora Chinchipe, Ecuador",Zamora - Loja km 3 ZC,-4.05,-78.98,1040,1040,m,25,Jan,1992,NA,NA,FLMNH
26209,5619,Heliconius,erato,etylus,,macho,"Zamora, Zamora Chinchipe, Ecuador",Zamora - Loja km 8 ZC,-4.03,-79.02,1450,1450,m,22,Jan,1992,NA,NA,FLMNH
26210,5586,Heliconius,erato,etylus,,macho,"Zamora, Zamora Chinchipe, Ecuador",Zamora ZC,-4.07,-78.97,980,980,m,28,Jan,1992,NA,NA,FLMNH
26211,5624,Heliconius,erato,etylus,,hembra,"Zamora, Zamora Chinchipe, Ecuador",Zamora ZC,-4.07,-78.97,1000,1000,m,27,Jan,1992,NA,"Buche, M.",FLMNH
26212,5584,Heliconius,erato,etylus,,macho,"Zamora, Zamora Chinchipe, Ecuador",Zamora ZC,-4.07,-78.97,980,980,m,21,Jan,1992,NA,NA,FLMNH
26213,5593,Heliconius,erato,etylus,,hembra,"Zamora, Zamora Chinchipe, Ecuador",Zamora ZC,-4.07,-78.97,980,980,m,24,Jan,1992,NA,NA,FLMNH
26214,5596,Heliconius,erato,etylus,,macho,"Zamora, Zamora Chinchipe, Ecuador",Zamora ZC,-4.07,-78.97,1000,1000,m,27,Jan,1992,NA,NA,FLMNH
26215,5620,Heliconius,erato,etylus,,hembra,"Zamora, Zamora Chinchipe, Ecuador",Zamora ZC,-4.07,-78.97,1000,1000,m,27,Jan,1992,NA,"Buche, M.",FLMNH
26216,5589,Heliconius,erato,etylus,,macho,"Zamora, Zamora Chinchipe, Ecuador",Zamora ZC,-4.07,-78.97,1000,1000,m,27,Jan,1992,NA,NA,FLMNH
26217,5618,Heliconius,erato,etylus,,macho,"Zamora, Zamora Chinchipe, Ecuador",Zamora ZC,-4.07,-78.97,980,980,m,28,Jan,1992,NA,NA,FLMNH
26218,5590,Heliconius,erato,etylus,,macho,"Zamora, Zamora Chinchipe, Ecuador",Zamora ZC,-4.07,-78.97,1000,1000,m,27,Jan,1992,NA,NA,FLMNH
26219,5587,Heliconius,erato,etylus,,macho,"Zamora, Zamora Chinchipe, Ecuador",Zamora ZC,-4.07,-78.97,980,980,m,28,Jan,1992,NA,NA,FLMNH
26220,5621,Heliconius,erato,etylus,,macho,"Zamora, Zamora Chinchipe, Ecuador",Zamora ZC,-4.07,-78.97,1000,1000,m,27,Jan,1992,NA,"Buche, M.",FLMNH
26221,5617,Heliconius,erato,etylus,,hembra,"Zamora, Zamora Chinchipe, Ecuador",Zamora ZC,-4.07,-78.97,1000,1000,m,27,Jan,1992,NA,NA,FLMNH
26222,5595,Heliconius,erato,etylus,,macho,"Zamora, Zamora Chinchipe, Ecuador",Zamora ZC,-4.07,-78.97,1000,1000,m,27,Jan,1992,NA,NA,FLMNH
26223,5594,Heliconius,erato,etylus,,macho,"Zamora, Zamora Chinchipe, Ecuador",Zamora ZC,-4.07,-78.97,980,980,m,20,Jan,1992,NA,NA,FLMNH
26224,1230,Heliconius,erato,etylus,,hembra,"Zamora, Zamora Chinchipe, Ecuador",Zamora ZC,-4.07,-78.97,NA,NA,m,NA,Nov,1989,NA,NA,FLMNH
26225,5623,Heliconius,erato,etylus,,macho,"Zamora, Zamora Chinchipe, Ecuador",Zamora ZC,-4.07,-78.97,1000,1000,m,27,Jan,1992,NA,"Buche, M.",FLMNH
26226,5622,Heliconius,erato,etylus,,hembra,"Zamora, Zamora Chinchipe, Ecuador",Namirez ZC,-3.96,-78.85,900,900,m,26,Jan,1992,NA,"Buche, M.",FLMNH
26227,5591,Heliconius,erato,etylus,,macho,"Zamora, Zamora Chinchipe, Ecuador",Zamora ZC,-4.07,-78.97,1000,1000,m,27,Jan,1992,NA,NA,FLMNH
26228,5585,Heliconius,erato,etylus,,hembra,"Zamora, Zamora Chinchipe, Ecuador",Zamora ZC,-4.07,-78.97,980,980,m,28,Jan,1992,NA,NA,FLMNH
26229,5583,Heliconius,erato,etylus,,macho,"Zamora, Zamora Chinchipe, Ecuador",Zamora ZC,-4.07,-78.97,980,980,m,28,Jan,1992,NA,NA,FLMNH
26230,10245,Heliconius,erato,etylus,,macho,"Morona, Morona Santiago, Ecuador",Macas,-2.32,-78.12,950,950,m,30,Oct,1996,NA,"Neild, A.",FLMNH
26231,10243,Heliconius,erato,etylus,,hembra,"Morona, Morona Santiago, Ecuador",Macas,-2.32,-78.12,NA,NA,m,30,Oct,1996,NA,"Neild, A.",FLMNH
26232,10244,Heliconius,erato,etylus,,macho,"Morona, Morona Santiago, Ecuador",Macas,-2.32,-78.12,950,950,m,30,Oct,1996,NA,"Neild, A.",FLMNH
26233,10273,Heliconius,erato,etylus,,macho,"Gualaquiza, Morona Santiago, Ecuador",Gualaquiza,-3.42,-78.6,900,900,m,5,Nov,1996,NA,"Neild, A.",FLMNH
26234,10272,Heliconius,erato,etylus,,macho,"Santiago, Morona Santiago, Ecuador",Santiago de Mendez ECU San,-2.72,-78.32,950,950,m,2,Nov,1996,NA,"Neild, A.",FLMNH
26235,116725,Heliconius,erato,etylus,,macho,"Santiago, Morona Santiago, Ecuador",Santiago de Mendez,-2.72,-78.32,800,800,m,12,Oct,1997,NA,"Neild, A.",FLMNH
26236,116726,Heliconius,erato,etylus,,macho,"Santiago, Morona Santiago, Ecuador",Santiago de Mendez km 20 - 43,-2.86,-78.23,850,850,m,15,Oct,1997,NA,"Neild, A.",FLMNH
26237,116727,Heliconius,erato,etylus,,hembra,"Santiago, Morona Santiago, Ecuador",Santiago de Mendez,-2.72,-78.32,800,800,m,12,Oct,1997,NA,"Neild, A.",FLMNH
33860,1231241455,Heliconius,erato,etylus,,macho,"Zamora, Zamora Chinchipe, Ecuador",Old Zamora Road ZC,-3.97,-79.06,NA,NA,m,9,Dec,2006,NA,NA,Jiggins
33861,1231241456,Heliconius,erato,etylus,,macho,"Morona, Morona Santiago, Ecuador","Macas, west of",-2.3,-78.16,NA,NA,m,10,Dec,2006,NA,NA,Jiggins
33862,1231241457,Heliconius,erato,etylus,,macho,"Morona, Morona Santiago, Ecuador","Macas, west of",-2.3,-78.16,NA,NA,m,10,Dec,2006,NA,NA,Jiggins
36519,1231247753,Heliconius,erato,etylus,,desconocido,"Santiago, Morona Santiago, Ecuador",3-78a S,-2.75,-78.25,NA,NA,m,NA,NA,NA,NA,NA,KB 1979
36986,1231248220,Heliconius,erato,etylus,,desconocido,"Paute, Azuay, Ecuador",3-79b S,-2.75,-78.75,NA,NA,m,NA,NA,NA,NA,NA,KB 1979
36993,1231248227,Heliconius,erato,etylus,,desconocido,"Yantzaza, Zamora Chinchipe, Ecuador",4-79b S,-3.75,-78.75,NA,NA,m,NA,NA,NA,NA,NA,KB 1979
37373,1231248607,Heliconius,erato,etylus,,desconocido,"Morona, Morona Santiago, Ecuador",2-78c S,-2.25,-78.25,NA,NA,m,NA,NA,NA,NA,NA,KB 1979
37857,1231249091,Heliconius,erato,etylus,,desconocido,"Gualaquiza, Morona Santiago, Ecuador",3-79d S,-3.25,-78.75,NA,NA,m,NA,NA,NA,NA,NA,KB 1979
54968,NA,Heliconius,erato,etylus,,macho,"Santiago, Morona Santiago, Ecuador","Parque Nacional Sangay: Mendez, Morona Santiago",-2.72,-78.4,NA,NA,m,NA,NA,NA,2010 - excat date on website,NA,Parque Nacional Sangay
55047,NA,Heliconius,erato,etylus,,macho,"Morona, Morona Santiago, Ecuador","Parque Nacional Sangay: Sevilla, Macas",-2.32,-78.08,NA,NA,m,NA,NA,NA,17_fev  ,NA,Parque Nacional Sangay
55098,NA,Heliconius,erato,etylus,,macho,"Sucua, Morona Santiago, Ecuador","Parque Nacional Sangay: Rio Tutamangosa, Morona Santiago",-2.47,-78.2,NA,NA,m,NA,NA,NA,30 aout  ,NA,Parque Nacional Sangay
55110,NA,Heliconius,erato,etylus,,macho,"Sucua, Morona Santiago, Ecuador","Parque Nacional Sangay: Rio Miriumi, Morona Santiago",-2.43,-78.2,NA,NA,m,NA,NA,NA,6_sep  ,NA,Parque Nacional Sangay
55996,NA,Heliconius,erato,etylus,,NA,"Gualaquiza, Morona Santiago, Ecuador",Río Quimi Ecuador Zamora-Chinchipe,-3.5,-78.63,900,900,m,NA,NA,NA,NA,NA,MECN TABD
56001,NA,Heliconius,erato,etylus,,NA,"Gualaquiza, Morona Santiago, Ecuador",Río Bomboiza Ecuador Morona-Santiago,-3.43,-78.53,850,850,m,NA,NA,NA,NA,NA,MECN TABD
56005,NA,Heliconius,erato,etylus,,NA,"Gualaquiza, Morona Santiago, Ecuador",Río Bomboiza Ecuador Morona-Santiago,-3.43,-78.53,850,850,m,NA,NA,NA,NA,NA,MECN TABD
56006,NA,Heliconius,erato,etylus,,NA,"Zamora, Zamora Chinchipe, Ecuador",Quebrada de Chorillos Ecuador Zamora-Chinchipe,-4.06,-78.99,1250,1600,m,NA,NA,NA,NA,NA,MECN TABD
56032,NA,Heliconius,erato,etylus,,NA,"Zamora, Zamora Chinchipe, Ecuador",Río Bombuscara Ecuador Zamora-Chinchipe,-4.11,-78.96,1146,1200,m,NA,NA,NA,NA,NA,MECN TABD
56036,NA,Heliconius,erato,etylus,,NA,"Zamora, Zamora Chinchipe, Ecuador",Río Bombuscara Ecuador Zamora-Chinchipe,-4.11,-78.96,1146,1200,m,NA,NA,NA,NA,NA,MECN TABD
65149,MCZ:Ent:109811,Heliconius,erato,etylus,,m,"Morona, Morona Santiago, Ecuador",Macas,-2.29,-78.12,NA,NA,NA,NA,NA,NA,NA,NA,MCZ Cambridge
61020294,61020294,Heliconius,erato,etylus,,NA,"Zamora, Zamora Chinchipe, Ecuador","El Remolino, Zamora, Ecuador",-4.059444444,-78.96416667,NA,NA,NA,27,Sep,2020,NA,Gissella Mabel,iNaturalist
61182867,61182867,Heliconius,erato,etylus,,NA,"Zamora, Zamora Chinchipe, Ecuador","Zamora, Ecuador",-4.069566658,-78.95301003,NA,NA,NA,28,Sep,2020,NA,Daning MontaÃ±o,iNaturalist
63608868,63608868,Heliconius,erato,etylus,,NA,"Quito, Pichincha, Ecuador","Parque La Carolina, Quito, Pichincha, EC",-0.185242632,-78.48686779,NA,NA,NA,26,Oct,2020,NA,Katherine Andrade Herrera,iNaturalist
103268114,103268114,Heliconius,erato,etylus,,NA,"Tena, Napo, Ecuador","Apuya Tract, Tena, Ecuador",-1.10943,-77.781139,NA,NA,NA,23,Sep,2021,NA,Jim Anno,iNaturalist
109304571,109304571,Heliconius,erato,etylus,,NA,"Shushufindi, Sucumbios, Ecuador","Shushufindi, Ecuador",-0.472044989,-76.45901198,NA,NA,NA,7,Mar,2022,NA,,iNaturalist
127775871,127775871,Heliconius,erato,etylus,,NA,"El Pangui, Zamora Chinchipe, Ecuador","El Pangui, Ecuador",-3.531286977,-78.47833085,NA,NA,NA,14,Jul,2022,NA,Jonathan Aguirre Pesantez,iNaturalist
128027603,128027603,Heliconius,erato,etylus,,NA,"El Pangui, Zamora Chinchipe, Ecuador","Tundayme, Ecuador",-3.568440556,-78.47322833,NA,NA,NA,21,Jul,2022,NA,Jonathan Aguirre Pesantez,iNaturalist
129054859,129054859,Heliconius,erato,etylus,,NA,"Gualaquiza, Morona Santiago, Ecuador","El Rosario, Ecuador",-3.286580083,-78.65131378,NA,NA,NA,24,Jul,2022,NA,,iNaturalist
142241852,142241852,Heliconius,erato,etylus,,NA,"Zamora, Zamora Chinchipe, Ecuador","Zamora Canton, Ecuador",-4.090479,-78.957817,NA,NA,NA,1,Nov,2011,NA,Neil Bjorklund,iNaturalist
148121201,148121201,Heliconius,erato,etylus,,NA,"Zamora, Zamora Chinchipe, Ecuador","Zamora Canton, Ecuador",-4.037863612,-78.99952056,NA,NA,NA,20,Jan,2023,NA,Steven Daniel,iNaturalist
148641987,148641987,Heliconius,erato,etylus,,NA,"Zamora, Zamora Chinchipe, Ecuador","Zamora, Ã‰quateur",-4.027694428,-79.0088558,NA,NA,NA,4,Aug,2021,NA,,iNaturalist
149910330,149910330,Heliconius,erato,etylus,,NA,"Zamora, Zamora Chinchipe, Ecuador","Zamora Canton, Ecuador",-4.092634164,-78.9610585,NA,NA,NA,20,Jan,2023,NA,Joshua Lincoln,iNaturalist
149912737,149912737,Heliconius,erato,etylus,,NA,"Zamora, Zamora Chinchipe, Ecuador","Zamora Canton, Ecuador",-4.091667796,-78.96154855,NA,NA,NA,20,Jan,2023,NA,Joshua Lincoln,iNaturalist
181587066,181587066,Heliconius,erato,etylus,,NA,"Santiago, Morona Santiago, Ecuador","CantÃ³n Santiago de MÃ©ndez, Ecuador",-2.756722657,-78.27439292,NA,NA,NA,1,Dec,2012,NA,Edgar Segovia,iNaturalist
190377417,190377417,Heliconius,erato,etylus,,NA,"Tena, Napo, Ecuador","Puerto Napo, Ecuador",-1.031838,-77.730957,NA,NA,NA,7,Nov,2023,NA,Catalina Tong,iNaturalist
190792199,190792199,Heliconius,erato,etylus,,NA,"Zamora, Zamora Chinchipe, Ecuador","Zamora, EC-ZC, EC",-3.920733054,-78.89224324,NA,NA,NA,22,Sep,2023,NA,Ayachui Ayump,iNaturalist
199627320,199627320,Heliconius,erato,etylus,,NA,"Archidona, Napo, Ecuador","Cascada del Hollin, Archidona Canton, Ecuador",-0.695072782,-77.73049802,NA,NA,NA,31,Jan,2024,NA,Rob Foster,iNaturalist
227861731,227861731,Heliconius,erato,etylus,,NA,"El Pangui, Zamora Chinchipe, Ecuador","Tundayme, Ecuador",-3.535383056,-78.45745444,NA,NA,NA,7,Jul,2024,NA,Alejandro Lugo,iNaturalist
238355445,238355445,Heliconius,erato,etylus,,NA,"Archidona, Napo, Ecuador","Narupa, Sarayacu, Ecuador",-0.6878145,-77.7349345,NA,NA,NA,24,Jul,2024,NA,,iNaturalist
6032,841202,Heliconius,erato,hybrid,f. radiata,macho,"Baños de Agua Santa, Tungurahua, Ecuador",Pastaza Rio Upper,-1.25,-78.25,1000,1000,m,NA,NA,NA,NA,Niepelt,BMNH
6033,841203,Heliconius,erato,hybrid,f. radiata,macho,"Pastaza, Pastaza, Ecuador",Jibaria,-1.93,-77.78,900,900,m,NA,NA,NA,NA,NA,BMNH
6036,841206,Heliconius,erato,hybrid,f. ochracea,macho,"Baños de Agua Santa, Tungurahua, Ecuador",Pastaza Rio Upper,-1.25,-78.25,1000,1000,m,NA,NA,NA,NA,NA,BMNH
6037,841207,Heliconius,erato,hybrid,f. ochracea,macho,"Tena, Napo, Ecuador",Apuya,-1.1,-77.78,550,550,m,15,May,1993,NA,"Neild, A.",BMNH
6039,841209,Heliconius,erato,hybrid,f. insignis,macho,"Zamora, Zamora Chinchipe, Ecuador",Zamora ZC,-4.07,-78.97,3000,4000,ft,NA,NA,NA,NA,"Baron, O.T.",BMNH
13942,1231231909,Heliconius,erato,hybrid,transitional form,unknown,"Shushufindi, Sucumbios, Ecuador",Coca Rio,-0.25,-76.75,NA,NA,m,NA,NA,NA,NA,NA,FLMNH (not labelled) - Basement
13944,1231231911,Heliconius,erato,hybrid,transitional form,unknown,"Baños de Agua Santa, Tungurahua, Ecuador",Pastaza Rio Upper,-1.25,-78.25,NA,NA,m,NA,NA,NA,NA,NA,FLMNH (not labelled) - Basement
13945,1231231912,Heliconius,erato,hybrid,transitional form,unknown,"Morona, Morona Santiago, Ecuador",Macas,-2.32,-78.12,NA,NA,m,NA,NA,NA,NA,NA,FLMNH (not labelled) - Basement
14333,1231232300,Heliconius,erato,hybrid,cyrbia x ?,unknown,"Ibarra, Imbabura, Ecuador",Paramba IM,0.82,-78.35,NA,NA,m,NA,NA,NA,NA,NA,FLMNH (not labelled) - Basement
16158,1231234125,Heliconius,erato,hybrid,f. ochracea,unknown,"Tena, Napo, Ecuador",Latas,-1.03,-77.73,NA,NA,m,NA,NA,NA,NA,NA,FLMNH (not labelled) - Accessions (2nd floor)
16403,1231234370,Heliconius,erato,hybrid,f. radiata or beata,unknown,"Pastaza, Pastaza, Ecuador",Puyo 18 km n PA,-1.39,-77.97,NA,NA,m,NA,NA,NA,NA,NA,FLMNH (not labelled) - Basement
16404,1231234371,Heliconius,erato,hybrid,f. radiata or beata,unknown,"Santa Clara, Pastaza, Ecuador",Puyo 27 km N of PA,-1.33,-77.9,1000,1000,m,NA,NA,1987,NA,Mciniss,FLMNH (not labelled) - Basement
16405,1231234372,Heliconius,erato,hybrid,f. radiata or beata,unknown,"Huamboya, Morona Santiago, Ecuador","Puyo 50km S, Vera Cruz TU",-1.9,-77.96,NA,NA,m,NA,NA,NA,NA,NA,FLMNH (not labelled) - Basement
16407,1231234374,Heliconius,erato,hybrid,f. ochracea?,unknown,"Morona, Morona Santiago, Ecuador",Pumayacu Rio Macas,-2.32,-78.12,NA,NA,m,NA,NA,NA,NA,NA,FLMNH (not labelled) - Basement
16408,1231234375,Heliconius,erato,hybrid,f. ochracea?,unknown,"Tena, Napo, Ecuador",Puerto Misahualli,-1.03,-77.67,NA,NA,m,NA,NA,NA,NA,NA,FLMNH (not labelled) - Basement
16409,1231234376,Heliconius,erato,hybrid,f. ochracea?,unknown,"Tena, Napo, Ecuador",Puerto Napo,-1.05,-77.78,NA,NA,m,NA,NA,NA,NA,NA,FLMNH (not labelled) - Basement
26255,5230,Heliconius,erato,hybrid,notabilis x n. subsp. EC,macho,"Loreto, Orellana, Ecuador",San Jose,-0.5,-77.28,800,800,m,24,Dec,1991,NA,NA,FLMNH
26256,5232,Heliconius,erato,hybrid,notabilis x n. subsp. EC,macho,"Tena, Napo, Ecuador",Apuya,-1.1,-77.78,NA,NA,m,NA,May,1991,NA,NA,FLMNH
26257,5224,Heliconius,erato,hybrid,notabilis x n. subsp. EC,hembra,"Tena, Napo, Ecuador",Apuya,-1.1,-77.78,NA,NA,m,NA,May,1991,NA,NA,FLMNH
26258,1244,Heliconius,erato,hybrid,notabilis x n. subsp. EC,macho,"Tena, Napo, Ecuador",Tena,-0.98,-77.82,NA,NA,m,NA,NA,1990,NA,NA,FLMNH
26259,5215,Heliconius,erato,hybrid,notabilis x n. subsp. EC,macho,"Tena, Napo, Ecuador",Apuya,-1.1,-77.78,NA,NA,m,NA,May,1991,NA,NA,FLMNH
26260,1247,Heliconius,erato,hybrid,notabilis x n. subsp. EC,hembra,"Tena, Napo, Ecuador",Puerto Misahualli,-1.03,-77.67,500,500,m,NA,NA,1990,NA,NA,FLMNH
26261,9056,Heliconius,erato,hybrid,notabilis x n. subsp. EC,hembra,"Tena, Napo, Ecuador",Apuya,-1.1,-77.78,NA,NA,m,NA,Jul,1995,NA,NA,FLMNH
26262,9046,Heliconius,erato,hybrid,notabilis x n. subsp. EC,macho,"Tena, Napo, Ecuador",Apuya,-1.1,-77.78,NA,NA,m,NA,Jul,1995,NA,NA,FLMNH
26263,5203,Heliconius,erato,hybrid,notabilis x n. subsp. EC,hembra,"Tena, Napo, Ecuador",Apuya,-1.1,-77.78,NA,NA,m,5,May,1991,NA,NA,FLMNH
26264,5197,Heliconius,erato,hybrid,notabilis x n. subsp. EC,macho,"Tena, Napo, Ecuador",Apuya,-1.1,-77.78,NA,NA,m,NA,May,1991,NA,NA,FLMNH
26265,5207,Heliconius,erato,hybrid,notabilis x n. subsp. EC,macho,"Tena, Napo, Ecuador",Apuya,-1.1,-77.78,NA,NA,m,11,Apr,1991,NA,NA,FLMNH
26266,5206,Heliconius,erato,hybrid,notabilis x n. subsp. EC,macho,"Tena, Napo, Ecuador",Apuya,-1.1,-77.78,NA,NA,m,NA,May,1991,NA,NA,FLMNH
26267,5204,Heliconius,erato,hybrid,notabilis x n. subsp. EC,hembra,"Tena, Napo, Ecuador",Apuya,-1.1,-77.78,NA,NA,m,9,May,1991,NA,NA,FLMNH
26268,4492,Heliconius,erato,hybrid,notabilis x n. subsp. EC,macho,"Tena, Napo, Ecuador",Puerto Misahualli,-1.03,-77.67,500,500,m,NA,Mar,1988,NA,NA,FLMNH
26269,5202,Heliconius,erato,hybrid,notabilis x n. subsp. EC,macho,"Tena, Napo, Ecuador",Apuya,-1.1,-77.78,NA,NA,m,NA,May,1991,NA,NA,FLMNH
26271,9415,Heliconius,erato,hybrid,notabilis x n. subsp. EC,macho,"Carlos Julio Arosemena Tola, Napo, Ecuador",Zarzayacu ECO NAP,-1.16,-77.83,550,550,m,20,Sep,1995,NA,"Neild, A.",FLMNH
26272,5209,Heliconius,erato,hybrid,notabilis x n. subsp. EC,hembra,"Tena, Napo, Ecuador",Latas,-1.03,-77.73,420,420,m,10,Aug,1990,NA,NA,FLMNH
26273,5205,Heliconius,erato,hybrid,notabilis x n. subsp. EC,macho,"Tena, Napo, Ecuador",Pano,-1.03,-77.87,550,550,m,24,Dec,1991,NA,NA,FLMNH
26274,9419,Heliconius,erato,hybrid,notabilis x n. subsp. EC,hembra,"Tena, Napo, Ecuador",Pimpilala,-1.07,-77.94,700,700,m,16,Sep,1995,NA,"Neild, A.",FLMNH
26275,5199,Heliconius,erato,hybrid,notabilis x n. subsp. EC,macho,"Tena, Napo, Ecuador",Apuya,-1.1,-77.78,NA,NA,m,NA,May,1991,NA,NA,FLMNH
26276,5201,Heliconius,erato,hybrid,notabilis x n. subsp. EC,hembra,"Loreto, Orellana, Ecuador",San Jose,-0.5,-77.28,800,800,m,24,Dec,1991,NA,NA,FLMNH
26277,5210,Heliconius,erato,hybrid,notabilis x n. subsp. EC,macho,"Tena, Napo, Ecuador",Apuya,-1.1,-77.78,NA,NA,m,NA,May,1991,NA,NA,FLMNH
26278,5194,Heliconius,erato,hybrid,notabilis x n. subsp. EC,hembra,"Carlos Julio Arosemena Tola, Napo, Ecuador",Zarzayacu ECO NAP,-1.16,-77.83,NA,NA,m,19,Oct,1991,NA,NA,FLMNH
26279,9061,Heliconius,erato,hybrid,notabilis x n. subsp. EC,macho,"Santa Clara, Pastaza, Ecuador",Puyo - Tena rd km 31 PA,-1.32,-77.9,NA,NA,m,NA,Mar,1995,NA,NA,FLMNH
26280,1258,Heliconius,erato,hybrid,notabilis x n. subsp. EC,macho,"Tena, Napo, Ecuador",Tena,-0.98,-77.82,NA,NA,m,NA,NA,1990,NA,NA,FLMNH
26281,1259,Heliconius,erato,hybrid,notabilis x n. subsp. EC,hembra,"Tena, Napo, Ecuador",Tena,-0.98,-77.82,NA,NA,m,NA,NA,1990,NA,NA,FLMNH
26282,1260,Heliconius,erato,hybrid,notabilis x n. subsp. EC,macho,"Tena, Napo, Ecuador",Tena,-0.98,-77.82,NA,NA,m,NA,NA,1990,NA,NA,FLMNH
26283,9051,Heliconius,erato,hybrid,notabilis x n. subsp. EC,macho,"Tena, Napo, Ecuador",Apuya,-1.1,-77.78,NA,NA,m,NA,Jul,1995,NA,NA,FLMNH
26284,1261,Heliconius,erato,hybrid,notabilis x n. subsp. EC,macho,"Tena, Napo, Ecuador",Puerto Misahualli,-1.03,-77.67,500,500,m,NA,NA,1990,NA,NA,FLMNH
26285,5208,Heliconius,erato,hybrid,notabilis x n. subsp. EC,macho,"Tena, Napo, Ecuador",Apuya,-1.1,-77.78,NA,NA,m,NA,May,1991,NA,NA,FLMNH
26286,9460,Heliconius,erato,hybrid,notabilis x n. subsp. EC,hembra,"Tena, Napo, Ecuador",Tena,-0.98,-77.82,NA,NA,m,13,May,1995,NA,NA,FLMNH
26287,5196,Heliconius,erato,hybrid,notabilis x n. subsp. EC,hembra,"Carlos Julio Arosemena Tola, Napo, Ecuador",Zarzayacu ECO NAP,-1.16,-77.83,NA,NA,m,8,Oct,1991,NA,NA,FLMNH
26288,5195,Heliconius,erato,hybrid,notabilis x n. subsp. EC,macho,"Carlos Julio Arosemena Tola, Napo, Ecuador",Zarzayacu ECO NAP,-1.16,-77.83,NA,NA,m,24,Oct,1991,NA,NA,FLMNH
26289,5214,Heliconius,erato,hybrid,notabilis x n. subsp. EC,macho,"Tena, Napo, Ecuador",Pano,-1.03,-77.87,500,500,m,14,Jun,1991,NA,NA,FLMNH
26290,5211,Heliconius,erato,hybrid,notabilis x n. subsp. EC,macho,"Loreto, Orellana, Ecuador",San Jose,-0.5,-77.28,800,800,m,24,Dec,1991,NA,NA,FLMNH
26291,5213,Heliconius,erato,hybrid,notabilis x n. subsp. EC,macho,"Tena, Napo, Ecuador",Apuya,-1.1,-77.78,NA,NA,m,NA,May,1991,NA,NA,FLMNH
26292,10292,Heliconius,erato,hybrid,notabilis x n. subsp. EC,macho,"Santa Clara, Pastaza, Ecuador",El Capricho,-1.19,-77.75,900,900,m,15,Nov,1996,NA,"Neild, A.",FLMNH
26293,5212,Heliconius,erato,hybrid,notabilis x n. subsp. EC,macho,"Carlos Julio Arosemena Tola, Napo, Ecuador",Zarzayacu ECO NAP,-1.16,-77.83,NA,NA,m,31,Oct,1991,NA,NA,FLMNH
26294,9053,Heliconius,erato,hybrid,notabilis x n. subsp. EC,macho,"Tena, Napo, Ecuador",Apuya,-1.1,-77.78,NA,NA,m,NA,Jul,1995,NA,NA,FLMNH
26295,1263,Heliconius,erato,hybrid,notabilis x n. subsp. EC,macho,"Tena, Napo, Ecuador",Puerto Misahualli,-1.03,-77.67,500,500,m,NA,NA,1990,NA,NA,FLMNH
26296,1262,Heliconius,erato,hybrid,notabilis x n. subsp. EC,macho,"Tena, Napo, Ecuador",Puerto Misahualli,-1.03,-77.67,500,500,m,NA,NA,1990,NA,NA,FLMNH
26297,6588,Heliconius,erato,hybrid,notabilis x n. subsp. EC,macho,"Tena, Napo, Ecuador",Apuya,-1.1,-77.78,NA,NA,m,2,Sep,1992,NA,NA,FLMNH
26298,1264,Heliconius,erato,hybrid,notabilis x n. subsp. EC,macho,"Tena, Napo, Ecuador",Puerto Misahualli,-1.03,-77.67,500,500,m,NA,NA,1990,NA,NA,FLMNH
26299,5229,Heliconius,erato,hybrid,notabilis x n. subsp. EC,macho,"Carlos Julio Arosemena Tola, Napo, Ecuador",Zarzayacu ECO NAP,-1.16,-77.83,520,520,m,7,Oct,1991,NA,NA,FLMNH
26300,4456,Heliconius,erato,hybrid,notabilis x n. subsp. EC,macho,"Pastaza, Pastaza, Ecuador",Pitirishca PA,-1.8,-77.82,800,800,m,6,Jun,1991,NA,NA,FLMNH
26301,4993,Heliconius,erato,hybrid,notabilis x n. subsp. EC,macho,"Mera, Morona Santiago, Ecuador",Puyo - Macas km15-30 PA,-1.66,-78.01,NA,NA,m,NA,NA,1992,6-May,NA,FLMNH
26302,4985,Heliconius,erato,hybrid,notabilis x n. subsp. EC,hembra,"Mera, Morona Santiago, Ecuador",Puyo - Macas km15-30 PA,-1.66,-78.01,NA,NA,m,NA,NA,1992,6-May,NA,FLMNH
26303,4994,Heliconius,erato,hybrid,notabilis x n. subsp. EC,macho,"Mera, Morona Santiago, Ecuador",Puyo - Macas km15-30 PA,-1.66,-78.01,NA,NA,m,NA,NA,1992,6-May,NA,FLMNH
26304,4995,Heliconius,erato,hybrid,notabilis x n. subsp. EC,hembra,"Mera, Morona Santiago, Ecuador",Puyo - Macas km15-30 PA,-1.66,-78.01,NA,NA,m,NA,NA,1992,6-May,NA,FLMNH
26305,4996,Heliconius,erato,hybrid,notabilis x n. subsp. EC,macho,"Mera, Morona Santiago, Ecuador",Puyo - Macas km15-30 PA,-1.66,-78.01,NA,NA,m,NA,NA,1992,6-May,NA,FLMNH
26306,4988,Heliconius,erato,hybrid,notabilis x n. subsp. EC,hembra,"Mera, Morona Santiago, Ecuador",Puyo - Macas km15-30 PA,-1.66,-78.01,NA,NA,m,NA,NA,1992,6-May,NA,FLMNH
26307,5094,Heliconius,erato,hybrid,notabilis x n. subsp. EC,macho,"Pastaza, Pastaza, Ecuador",Pitirishca PA,-1.8,-77.82,1000,1000,m,NA,Dec,1991,NA,NA,FLMNH
26308,1234,Heliconius,erato,hybrid,notabilis x n. subsp. EC,macho,"Pastaza, Pastaza, Ecuador",Puyo PA,-1.47,-77.98,NA,NA,m,NA,NA,NA,NA,NA,FLMNH
26309,4450,Heliconius,erato,hybrid,notabilis x n. subsp. EC,macho,"Pastaza, Pastaza, Ecuador",Pitirishca PA,-1.8,-77.82,1000,1000,m,30,Jul,1991,NA,"Buche, M.",FLMNH
26310,9045,Heliconius,erato,hybrid,notabilis x n. subsp. EC,macho,"Santa Clara, Pastaza, Ecuador",Santa Clara PA,-1.26,-77.88,NA,NA,m,NA,Aug,1994,NA,NA,FLMNH
26311,4989,Heliconius,erato,hybrid,notabilis x n. subsp. EC,hembra,"Mera, Morona Santiago, Ecuador",Puyo - Macas km15-30 PA,-1.66,-78.01,NA,NA,m,NA,NA,1992,6-May,NA,FLMNH
26312,5095,Heliconius,erato,hybrid,notabilis x n. subsp. EC,macho,"Santa Clara, Pastaza, Ecuador",Llandia Rio PA,-1.33,-77.93,1100,1100,m,10,Feb,1992,NA,"Velástegui, D.",FLMNH
26313,4987,Heliconius,erato,hybrid,notabilis x n. subsp. EC,hembra,"Mera, Morona Santiago, Ecuador",Puyo - Macas km15-30 PA,-1.66,-78.01,NA,NA,m,NA,NA,1992,6-May,NA,FLMNH
26314,1238,Heliconius,erato,hybrid,notabilis x n. subsp. EC,macho,"Tena, Napo, Ecuador",Tena,-0.98,-77.82,NA,NA,m,NA,NA,1990,NA,NA,FLMNH
26315,9417,Heliconius,erato,hybrid,notabilis x n. subsp. EC,macho,"Santa Clara, Pastaza, Ecuador",Llandia Rio PA,-1.33,-77.93,900,900,m,6,Oct,1995,NA,"Neild, A.",FLMNH
26316,10196,Heliconius,erato,hybrid,notabilis x n. subsp. EC,macho,"Santa Clara, Pastaza, Ecuador",Llandia Rio PA,-1.33,-77.93,1000,1000,m,13,Nov,1996,NA,"Neild, A.",FLMNH
26317,4984,Heliconius,erato,hybrid,notabilis x n. subsp. EC,macho,"Mera, Morona Santiago, Ecuador",Puyo - Macas km15-30 PA,-1.66,-78.01,NA,NA,m,NA,NA,1992,6-May,NA,FLMNH
26318,9063,Heliconius,erato,hybrid,notabilis x n. subsp. EC,hembra,"Pastaza, Pastaza, Ecuador",Canelos rio Bo ECU PA,-1.58,-77.75,NA,NA,m,NA,Aug,1995,NA,NA,FLMNH
26319,5091,Heliconius,erato,hybrid,notabilis x n. subsp. EC,macho,"Santa Clara, Pastaza, Ecuador",Llandia Rio PA,-1.33,-77.93,1100,1100,m,NA,NA,1991,NA,NA,FLMNH
26320,9054,Heliconius,erato,hybrid,notabilis x n. subsp. EC,hembra,"Santa Clara, Pastaza, Ecuador",Puyo - Tena rd km 31 PA,-1.32,-77.9,NA,NA,m,NA,Jan,1995,NA,NA,FLMNH
26321,9064,Heliconius,erato,hybrid,notabilis x n. subsp. EC,macho,"Santa Clara, Pastaza, Ecuador",Puyo - Tena rd km 25 PA,-1.33,-77.93,NA,NA,m,NA,Aug,1995,NA,NA,FLMNH
26322,5093,Heliconius,erato,hybrid,notabilis x n. subsp. EC,hembra,"Pastaza, Pastaza, Ecuador",Pitirishca PA,-1.8,-77.82,1000,1000,m,11,Nov,1991,NA,NA,FLMNH
26323,4578,Heliconius,erato,hybrid,notabilis x n. subsp. EC,macho,"Pastaza, Pastaza, Ecuador",Pitirishca PA,-1.8,-77.82,800,800,m,16,Jun,1991,NA,NA,FLMNH
26324,4997,Heliconius,erato,hybrid,notabilis x n. subsp. EC,hembra,"Mera, Morona Santiago, Ecuador",Puyo - Macas km15-30 PA,-1.66,-78.01,NA,NA,m,NA,NA,1992,6-May,NA,FLMNH
26325,5092,Heliconius,erato,hybrid,notabilis x n. subsp. EC,macho,"Pastaza, Pastaza, Ecuador",Pitirishca PA,-1.8,-77.82,1000,1000,m,15,Dec,1991,NA,NA,FLMNH
26326,4986,Heliconius,erato,hybrid,notabilis x n. subsp. EC,macho,"Mera, Morona Santiago, Ecuador",Puyo - Macas km15-30 PA,-1.66,-78.01,NA,NA,m,NA,NA,1992,6-May,NA,FLMNH
26327,9062,Heliconius,erato,hybrid,notabilis x n. subsp. EC,macho,"Santa Clara, Pastaza, Ecuador",Puyo - Tena rd km 31 PA,-1.32,-77.9,NA,NA,m,NA,Sep,1995,NA,NA,FLMNH
26328,5087,Heliconius,erato,hybrid,notabilis x n. subsp. EC,hembra,"Santa Clara, Pastaza, Ecuador",Llandia Rio PA,-1.33,-77.93,1100,1100,m,14,Feb,1992,NA,"Velástegui, A.",FLMNH
26329,9059,Heliconius,erato,hybrid,notabilis x n. subsp. EC,hembra,"Tena, Napo, Ecuador",Apuya,-1.1,-77.78,NA,NA,m,NA,Sep,1995,NA,NA,FLMNH
26330,4991,Heliconius,erato,hybrid,notabilis x n. subsp. EC,macho,"Mera, Morona Santiago, Ecuador",Puyo - Macas km15-30 PA,-1.66,-78.01,NA,NA,m,NA,NA,1992,6-May,NA,FLMNH
26331,4992,Heliconius,erato,hybrid,notabilis x n. subsp. EC,hembra,"Mera, Morona Santiago, Ecuador",Puyo - Macas km15-30 PA,-1.66,-78.01,NA,NA,m,NA,NA,1992,6-May,NA,FLMNH
26332,9058,Heliconius,erato,hybrid,notabilis x n. subsp. EC,macho,"Tena, Napo, Ecuador",Apuya,-1.1,-77.78,NA,NA,m,NA,Jul,1995,NA,NA,FLMNH
26333,9455,Heliconius,erato,hybrid,notabilis x n. subsp. EC,macho,"Santa Clara, Pastaza, Ecuador",Puyo - Tena rd km 31 PA,-1.32,-77.9,NA,NA,m,NA,Nov,1995,NA,NA,FLMNH
26334,1249,Heliconius,erato,hybrid,notabilis x n. subsp. EC,macho,"Tena, Napo, Ecuador",Tena,-0.98,-77.82,NA,NA,m,NA,NA,1990,NA,NA,FLMNH
26335,10291,Heliconius,erato,hybrid,notabilis x n. subsp. EC,macho,"Santa Clara, Pastaza, Ecuador",El Capricho,-1.19,-77.75,850,850,m,26,Oct,1996,NA,"Neild, A.",FLMNH
26336,9459,Heliconius,erato,hybrid,notabilis x n. subsp. EC,macho,"Pastaza, Pastaza, Ecuador",Puyo - Tena rd km 19 PA,-1.37,-77.94,NA,NA,m,NA,Nov,1995,NA,NA,FLMNH
26337,10204,Heliconius,erato,hybrid,notabilis x n. subsp. EC,macho,"Tena, Napo, Ecuador",San Carlo Finca,-1.09,-77.78,NA,NA,m,25,Oct,1996,NA,"Neild, A.",FLMNH
26338,1265,Heliconius,erato,hybrid,notabilis x n. subsp. EC,macho,"Tena, Napo, Ecuador",Tena,-0.98,-77.82,NA,NA,m,NA,NA,1990,NA,NA,FLMNH
26339,4990,Heliconius,erato,hybrid,notabilis x n. subsp. EC,macho,"Santa Clara, Pastaza, Ecuador",Puyo - Tena rd km 25 PA,-1.33,-77.93,1100,1100,m,NA,NA,1992,6-May,NA,FLMNH
26340,7397,Heliconius,erato,hybrid,notabilis x n. subsp. EC,macho,"Tena, Napo, Ecuador",Talag,-1.06,-77.91,NA,NA,m,5,Jun,1993,NA,NA,FLMNH
26341,1248,Heliconius,erato,hybrid,notabilis x n. subsp. EC,macho,"Tena, Napo, Ecuador",Puerto Misahualli,-1.03,-77.67,500,500,m,NA,NA,1990,NA,NA,FLMNH
26342,5216,Heliconius,erato,hybrid,notabilis x n. subsp. EC,macho,"Tena, Napo, Ecuador",Apuya,-1.1,-77.78,NA,NA,m,NA,May,1991,NA,NA,FLMNH
26343,9065,Heliconius,erato,hybrid,notabilis x n. subsp. EC,hembra,"Tena, Napo, Ecuador",Apuya,-1.1,-77.78,NA,NA,m,NA,Jul,1995,NA,NA,FLMNH
26344,1242,Heliconius,erato,hybrid,notabilis x n. subsp. EC,macho,"Tena, Napo, Ecuador",Tena,-0.98,-77.82,NA,NA,m,NA,NA,1990,NA,NA,FLMNH
26345,4574,Heliconius,erato,hybrid,notabilis x n. subsp. EC,macho,"Pastaza, Pastaza, Ecuador",Pitirishca PA,-1.8,-77.82,800,800,m,13,Jun,1991,NA,NA,FLMNH
26346,1245,Heliconius,erato,hybrid,notabilis x n. subsp. EC,macho,"Tena, Napo, Ecuador",Tena,-0.98,-77.82,NA,NA,m,NA,NA,1990,NA,NA,FLMNH
26347,5231,Heliconius,erato,hybrid,notabilis x n. subsp. EC,macho,"Tena, Napo, Ecuador",Pimpilala,-1.07,-77.94,NA,NA,m,NA,NA,1991,NA,NA,FLMNH
26349,1246,Heliconius,erato,hybrid,notabilis x n. subsp. EC,macho,"Tena, Napo, Ecuador",Puerto Misahualli,-1.03,-77.67,500,500,m,NA,NA,1990,NA,NA,FLMNH
26350,4452,Heliconius,erato,hybrid,notabilis x n. subsp. EC,hembra,"Tena, Napo, Ecuador",Apuya,-1.1,-77.78,NA,NA,m,NA,NA,1991,NA,NA,FLMNH
26351,7448,Heliconius,erato,hybrid,notabilis x n. subsp. EC,macho,"Tena, Napo, Ecuador",Apuya,-1.1,-77.78,NA,NA,m,23,Jan,1993,NA,NA,FLMNH
26352,1243,Heliconius,erato,hybrid,notabilis x n. subsp. EC,hembra,"Tena, Napo, Ecuador",Tena,-0.98,-77.82,NA,NA,m,NA,NA,1990,NA,NA,FLMNH
26353,9461,Heliconius,erato,hybrid,notabilis x n. subsp. EC,macho,"Santa Clara, Pastaza, Ecuador",Puyo - Tena rd km 31 PA,-1.32,-77.9,NA,NA,m,NA,Nov,1995,NA,NA,FLMNH
26377,9429,Heliconius,erato,hybrid,notabilis x n. subsp. EC,macho,"Pastaza, Pastaza, Ecuador",Bobonaza Rio PA,-1.46,-77.83,900,900,m,22,Sep,1995,NA,"Neild, A.",FLMNH
26378,5098,Heliconius,erato,hybrid,notabilis x n. subsp. EC,macho,"Santa Clara, Pastaza, Ecuador",Llandia Rio PA,-1.33,-77.93,1100,1100,m,10,Feb,1992,NA,"Velástegui, C.",FLMNH
26379,5099,Heliconius,erato,hybrid,notabilis x n. subsp. EC,macho,"Pastaza, Pastaza, Ecuador",Puyo - Tena rd km 18 PA,-1.38,-77.95,1100,1100,m,14,Feb,1992,NA,NA,FLMNH
26380,4969,Heliconius,erato,hybrid,notabilis x n. subsp. EC,macho,"Mera, Morona Santiago, Ecuador",Puyo - Macas km15-30 PA,-1.66,-78.01,NA,NA,m,NA,NA,1992,6-May,NA,FLMNH
26381,9076,Heliconius,erato,hybrid,notabilis x n. subsp. EC,hembra,"Santa Clara, Pastaza, Ecuador",Puyo - Tena rd km 25 PA,-1.33,-77.93,NA,NA,m,NA,Aug,1995,NA,NA,FLMNH
26382,9077,Heliconius,erato,hybrid,notabilis x n. subsp. EC,macho,"Santa Clara, Pastaza, Ecuador",Puyo - Tena rd km 25 PA,-1.33,-77.93,NA,NA,m,NA,Aug,1995,NA,NA,FLMNH
26383,9464,Heliconius,erato,hybrid,notabilis x n. subsp. EC,hembra,"Santa Clara, Pastaza, Ecuador",Puyo - Tena rd km 31 PA,-1.32,-77.9,NA,NA,m,NA,Nov,1995,NA,NA,FLMNH
26384,116733,Heliconius,erato,hybrid,notabilis x n. subsp. EC,macho,"Santa Clara, Pastaza, Ecuador",Puyo - Tena rd km 25 PA,-1.33,-77.93,1000,1000,m,10,Oct,1997,NA,"Neild, A.",FLMNH
26385,4970,Heliconius,erato,hybrid,notabilis x n. subsp. EC,hembra,"Mera, Morona Santiago, Ecuador",Puyo - Macas km15-30 PA,-1.66,-78.01,NA,NA,m,NA,NA,1992,6-May,NA,FLMNH
26386,5097,Heliconius,erato,hybrid,notabilis x n. subsp. EC,hembra,"Pastaza, Pastaza, Ecuador",Pitirishca PA,-1.8,-77.82,1000,1000,m,NA,Dec,1991,NA,NA,FLMNH
26387,5107,Heliconius,erato,hybrid,notabilis x n. subsp. EC,hembra,"Pastaza, Pastaza, Ecuador",Puyo - Tena rd km 19 PA,-1.37,-77.94,1100,1100,m,15,Feb,1992,NA,NA,FLMNH
26388,9477,Heliconius,erato,hybrid,notabilis x n. subsp. EC,macho,"Pastaza, Pastaza, Ecuador",Canelos rio Bo ECU PA,-1.58,-77.75,NA,NA,m,NA,Nov,1995,NA,NA,FLMNH
26389,9050,Heliconius,erato,hybrid,notabilis x n. subsp. EC,hembra,"Pastaza, Pastaza, Ecuador",Canelos rio Bo ECU PA,-1.58,-77.75,NA,NA,m,NA,May,1995,NA,NA,FLMNH
26390,5200,Heliconius,erato,hybrid,notabilis x n. subsp. EC,macho,"Pastaza, Pastaza, Ecuador",Pitirishca PA,-1.8,-77.82,1000,1000,m,15,Dec,1991,NA,NA,FLMNH
26391,4580,Heliconius,erato,hybrid,notabilis x n. subsp. EC,macho,"Pastaza, Pastaza, Ecuador",Pitirishca PA,-1.8,-77.82,1000,1000,m,30,Jul,1991,NA,"Buche, M.",FLMNH
26392,4579,Heliconius,erato,hybrid,notabilis x n. subsp. EC,macho,"Pastaza, Pastaza, Ecuador",Pitirishca PA,-1.8,-77.82,800,800,m,17,Jun,1991,NA,NA,FLMNH
26393,5599,Heliconius,erato,hybrid,notabilis x n. subsp. EC,macho,"Santa Clara, Pastaza, Ecuador",Llandia Rio PA,-1.33,-77.93,1100,1100,m,13,Feb,1992,NA,NA,FLMNH
26394,5077,Heliconius,erato,hybrid,notabilis x n. subsp. EC,macho,"Santa Clara, Pastaza, Ecuador",Llandia Rio PA,-1.33,-77.93,1100,1100,m,10,Feb,1992,NA,"Velástegui, C.",FLMNH
26395,5083,Heliconius,erato,hybrid,notabilis x n. subsp. EC,macho,"Santa Clara, Pastaza, Ecuador",Llandia Rio PA,-1.33,-77.93,1100,1100,m,13,Feb,1992,NA,"Velástegui, D.",FLMNH
26396,5081,Heliconius,erato,hybrid,notabilis x n. subsp. EC,macho,"Santa Clara, Pastaza, Ecuador",Llandia Rio PA,-1.33,-77.93,1100,1100,m,10,Feb,1992,NA,"Velástegui, C.",FLMNH
26397,5080,Heliconius,erato,hybrid,notabilis x n. subsp. EC,hembra,"Santa Clara, Pastaza, Ecuador",Llandia Rio PA,-1.33,-77.93,1100,1100,m,10,Feb,1992,NA,"Velástegui, D.",FLMNH
26398,5086,Heliconius,erato,hybrid,notabilis x n. subsp. EC,macho,"Santa Clara, Pastaza, Ecuador",Llandia Rio PA,-1.33,-77.93,1100,1100,m,10,Feb,1992,NA,"Buche, M.",FLMNH
26399,5079,Heliconius,erato,hybrid,notabilis x n. subsp. EC,macho,"Pastaza, Pastaza, Ecuador",Puyo - Tena rd km 19 PA,-1.37,-77.94,1100,1100,m,14,Feb,1992,NA,NA,FLMNH
26400,4983,Heliconius,erato,hybrid,notabilis x n. subsp. EC,hembra,"Santa Clara, Pastaza, Ecuador",Puyo - Tena rd km 25 PA,-1.33,-77.93,1100,1100,m,NA,NA,1992,6-May,NA,FLMNH
26401,5600,Heliconius,erato,hybrid,notabilis x n. subsp. EC,hembra,"Santa Clara, Pastaza, Ecuador",Llandia Rio PA,-1.33,-77.93,1100,1100,m,15,Feb,1992,NA,NA,FLMNH
26402,9052,Heliconius,erato,hybrid,notabilis x n. subsp. EC,macho,"Santa Clara, Pastaza, Ecuador",Puyo - Tena rd km 31 PA,-1.32,-77.9,NA,NA,m,NA,Aug,1995,NA,NA,FLMNH
26403,5078,Heliconius,erato,hybrid,notabilis x n. subsp. EC,macho,"Pastaza, Pastaza, Ecuador",Puyo - Tena rd km 19 PA,-1.37,-77.94,1100,1100,m,15,Feb,1992,NA,NA,FLMNH
26404,5082,Heliconius,erato,hybrid,notabilis x n. subsp. EC,hembra,"Pastaza, Pastaza, Ecuador",Puyo - Tena rd km 19 PA,-1.37,-77.94,1100,1100,m,15,Feb,1992,NA,NA,FLMNH
26405,9465,Heliconius,erato,hybrid,notabilis x n. subsp. EC,macho,"Pastaza, Pastaza, Ecuador",Puyo - Tena rd km 19 PA,-1.37,-77.94,NA,NA,m,NA,Nov,1995,NA,NA,FLMNH
26406,9430,Heliconius,erato,hybrid,notabilis x n. subsp. EC,macho,"Pastaza, Pastaza, Ecuador",Bobonaza Rio PA,-1.46,-77.83,900,900,m,22,Sep,1995,NA,"Neild, A.",FLMNH
26407,10207,Heliconius,erato,hybrid,notabilis x n. subsp. EC,macho,"Pastaza, Pastaza, Ecuador",Bobonaza Rio PA,-1.46,-77.83,900,900,m,28,Oct,1996,NA,"Neild, A.",FLMNH
26408,9420,Heliconius,erato,hybrid,notabilis x n. subsp. EC,macho,"Pastaza, Pastaza, Ecuador",Bobonaza Rio PA,-1.46,-77.83,900,900,m,22,Sep,1995,NA,"Neild, A.",FLMNH
26409,4977,Heliconius,erato,hybrid,notabilis x n. subsp. EC,macho,"Mera, Morona Santiago, Ecuador",Puyo - Macas km15-30 PA,-1.66,-78.01,NA,NA,m,NA,NA,1992,6-May,NA,FLMNH
26410,4979,Heliconius,erato,hybrid,notabilis x n. subsp. EC,hembra,"Mera, Morona Santiago, Ecuador",Puyo - Macas km15-30 PA,-1.66,-78.01,NA,NA,m,NA,NA,1992,6-May,NA,FLMNH
26411,4980,Heliconius,erato,hybrid,notabilis x n. subsp. EC,macho,"Mera, Morona Santiago, Ecuador",Puyo - Macas km15-30 PA,-1.66,-78.01,NA,NA,m,NA,NA,1992,6-May,NA,FLMNH
26412,4978,Heliconius,erato,hybrid,notabilis x n. subsp. EC,hembra,"Mera, Morona Santiago, Ecuador",Puyo - Macas km15-30 PA,-1.66,-78.01,NA,NA,m,NA,NA,1992,6-May,NA,FLMNH
26413,4982,Heliconius,erato,hybrid,notabilis x n. subsp. EC,macho,"Mera, Morona Santiago, Ecuador",Puyo - Macas km15-30 PA,-1.66,-78.01,NA,NA,m,NA,NA,1992,6-May,NA,FLMNH
26414,4981,Heliconius,erato,hybrid,notabilis x n. subsp. EC,hembra,"Mera, Morona Santiago, Ecuador",Puyo - Macas km15-30 PA,-1.66,-78.01,NA,NA,m,NA,NA,1992,6-May,NA,FLMNH
26415,1227,Heliconius,erato,hybrid,notabilis x n. subsp. EC,macho,"Pastaza, Pastaza, Ecuador",Pitirishca PA,-1.8,-77.82,1000,1000,m,4,Jan,1990,NA,NA,FLMNH
26416,5085,Heliconius,erato,hybrid,notabilis x n. subsp. EC,hembra,"Pastaza, Pastaza, Ecuador",Pitirishca PA,-1.8,-77.82,1000,1000,m,NA,Dec,1991,NA,NA,FLMNH
26417,5084,Heliconius,erato,hybrid,notabilis x n. subsp. EC,macho,"Pastaza, Pastaza, Ecuador",Pitirishca PA,-1.8,-77.82,800,800,m,26,May,1991,NA,NA,FLMNH
26418,4451,Heliconius,erato,hybrid,notabilis x n. subsp. EC,hembra,"Pastaza, Pastaza, Ecuador",Pitirishca PA,-1.8,-77.82,1000,1000,m,30,Jul,1991,NA,"Buche, M.",FLMNH
26419,4577,Heliconius,erato,hybrid,notabilis x n. subsp. EC,macho,"Pastaza, Pastaza, Ecuador",Pitirishca PA,-1.8,-77.82,800,800,m,2,Jun,1991,NA,NA,FLMNH
26420,5076,Heliconius,erato,hybrid,notabilis x n. subsp. EC,macho,"Pastaza, Pastaza, Ecuador",Pitirishca PA,-1.8,-77.82,1000,1000,m,18,Nov,1991,NA,NA,FLMNH
26421,4999,Heliconius,erato,hybrid,notabilis x n. subsp. EC,macho,"Santa Clara, Pastaza, Ecuador",Puyo - Tena rd km 25 PA,-1.33,-77.93,1100,1100,m,NA,NA,1992,6-May,NA,FLMNH
26422,9490,Heliconius,erato,hybrid,notabilis x n. subsp. EC,hembra,"Santa Clara, Pastaza, Ecuador",Puyo - Tena rd km 31 PA,-1.32,-77.9,NA,NA,m,NA,Nov,1995,NA,NA,FLMNH
26423,9470,Heliconius,erato,hybrid,notabilis x n. subsp. EC,hembra,"Pastaza, Pastaza, Ecuador",Puyo - Tena rd km 19 PA,-1.37,-77.94,NA,NA,m,NA,Nov,1995,NA,NA,FLMNH
26424,4582,Heliconius,erato,hybrid,notabilis x n. subsp. EC,macho,"Pastaza, Pastaza, Ecuador",Pitirishca PA,-1.8,-77.82,800,800,m,10,Jun,1991,NA,NA,FLMNH
26425,5089,Heliconius,erato,hybrid,notabilis x n. subsp. EC,hembra,"Pastaza, Pastaza, Ecuador",Pitirishca PA,-1.8,-77.82,1000,1000,m,15,Dec,1991,NA,NA,FLMNH
26426,5090,Heliconius,erato,hybrid,notabilis x n. subsp. EC,hembra,"Pastaza, Pastaza, Ecuador",Pitirishca PA,-1.8,-77.82,1000,1000,m,NA,Dec,1991,NA,NA,FLMNH
26427,1232,Heliconius,erato,hybrid,notabilis x n. subsp. EC,macho,"Pastaza, Pastaza, Ecuador",Bobonaza Rio PA,-1.46,-77.83,NA,NA,m,24,Jun,1985,NA,NA,FLMNH
26428,4581,Heliconius,erato,hybrid,notabilis x n. subsp. EC,hembra,"Pastaza, Pastaza, Ecuador",Pitirishca PA,-1.8,-77.82,1000,1000,m,30,Jul,1991,NA,"Buche, M.",FLMNH
26429,4975,Heliconius,erato,hybrid,notabilis x n. subsp. EC,hembra,"Mera, Morona Santiago, Ecuador",Puyo - Macas km15-30 PA,-1.66,-78.01,NA,NA,m,NA,NA,1992,6-May,NA,FLMNH
26430,4584,Heliconius,erato,hybrid,notabilis x n. subsp. EC,macho,"Pastaza, Pastaza, Ecuador",Pitirishca PA,-1.8,-77.82,800,800,m,18,Jun,1991,NA,NA,FLMNH
26431,9480,Heliconius,erato,hybrid,notabilis x n. subsp. EC,macho,"Pastaza, Pastaza, Ecuador",Canelos rio Bo ECU PA,-1.58,-77.75,NA,NA,m,NA,Nov,1995,NA,NA,FLMNH
26432,4457,Heliconius,erato,hybrid,notabilis x n. subsp. EC,macho,"Pastaza, Pastaza, Ecuador",Pitirishca PA,-1.8,-77.82,800,800,m,28,Jun,1991,NA,NA,FLMNH
26433,9070,Heliconius,erato,hybrid,notabilis x n. subsp. EC,macho,"Pastaza, Pastaza, Ecuador",Canelos rio Bo ECU PA,-1.58,-77.75,NA,NA,m,NA,May,1995,NA,NA,FLMNH
26434,4583,Heliconius,erato,hybrid,notabilis x n. subsp. EC,macho,"Pastaza, Pastaza, Ecuador",Pitirishca PA,-1.8,-77.82,800,800,m,12,Jun,1991,NA,NA,FLMNH
26435,4976,Heliconius,erato,hybrid,notabilis x n. subsp. EC,macho,"Mera, Morona Santiago, Ecuador",Puyo - Macas km15-30 PA,-1.66,-78.01,NA,NA,m,NA,NA,1992,6-May,NA,FLMNH
26436,1233,Heliconius,erato,hybrid,notabilis x n. subsp. EC,macho,"Santa Clara, Pastaza, Ecuador",Llandia Rio PA,-1.33,-77.93,1000,1000,m,NA,NA,NA,NA,Velástegui.,FLMNH
26437,5088,Heliconius,erato,hybrid,notabilis x n. subsp. EC,hembra,"Pastaza, Pastaza, Ecuador",Pitirishca PA,-1.8,-77.82,1000,1000,m,NA,Dec,1991,NA,NA,FLMNH
26438,1231,Heliconius,erato,hybrid,notabilis x n. subsp. EC,macho,"Pastaza, Pastaza, Ecuador",Pitirishca PA,-1.8,-77.82,1000,1000,m,2,Jan,1990,NA,"Buche, M.",FLMNH
26439,9066,Heliconius,erato,hybrid,notabilis x n. subsp. EC,macho,"Tena, Napo, Ecuador",Apuya,-1.1,-77.78,NA,NA,m,NA,Jul,1995,NA,NA,FLMNH
26440,9049,Heliconius,erato,hybrid,notabilis x n. subsp. EC,macho,"Tena, Napo, Ecuador",Apuya,-1.1,-77.78,NA,NA,m,NA,Jul,1995,NA,NA,FLMNH
26443,1241,Heliconius,erato,hybrid,notabilis x n. subsp. EC,macho,"Tena, Napo, Ecuador",Latas,-1.03,-77.73,NA,NA,m,17,Jul,1988,NA,NA,FLMNH
26444,1240,Heliconius,erato,hybrid,notabilis x n. subsp. EC,macho,"Pastaza, Pastaza, Ecuador",Puyo PA,-1.47,-77.98,NA,NA,m,NA,NA,1990,NA,NA,FLMNH
26445,9112,Heliconius,erato,hybrid,notabilis x n. subsp. EC,macho,"Baños de Agua Santa, Tungurahua, Ecuador",Topo TU,-1.42,-78.17,1200,1200,m,NA,Jun,1994,NA,NA,FLMNH
26446,9069,Heliconius,erato,hybrid,notabilis x n. subsp. EC,macho,"Tena, Napo, Ecuador",Apuya,-1.1,-77.78,NA,NA,m,NA,Jul,1995,NA,NA,FLMNH
26447,6590,Heliconius,erato,hybrid,notabilis x n. subsp. EC,macho,"Tena, Napo, Ecuador",Latas,-1.03,-77.73,NA,NA,m,7,Aug,1992,NA,NA,FLMNH
26448,6589,Heliconius,erato,hybrid,notabilis x n. subsp. EC,macho,"Tena, Napo, Ecuador",Latas,-1.03,-77.73,NA,NA,m,31,Jan,1993,NA,NA,FLMNH
26449,1250,Heliconius,erato,hybrid,notabilis x n. subsp. EC,macho,"Tena, Napo, Ecuador",Puerto Misahualli,-1.03,-77.67,500,500,m,18,Aug,1988,NA,NA,FLMNH
26450,9418,Heliconius,erato,hybrid,notabilis x n. subsp. EC,macho,"Santa Clara, Pastaza, Ecuador",Llandia Rio PA,-1.33,-77.93,900,900,m,6,Oct,1995,NA,"Neild, A.",FLMNH
26451,4587,Heliconius,erato,hybrid,notabilis x n. subsp. EC,macho,"Tena, Napo, Ecuador",Apuya,-1.1,-77.78,NA,NA,m,10,Jun,1991,NA,NA,FLMNH
26452,5227,Heliconius,erato,hybrid,notabilis x n. subsp. EC,macho,"Tena, Napo, Ecuador",Apuya,-1.1,-77.78,NA,NA,m,NA,May,1991,NA,NA,FLMNH
26453,4588,Heliconius,erato,hybrid,notabilis x n. subsp. EC,macho,"Pastaza, Pastaza, Ecuador",Diez de Agosto PA,-1.45,-77.9,NA,NA,m,26,Feb,1991,NA,NA,FLMNH
26454,4586,Heliconius,erato,hybrid,notabilis x n. subsp. EC,macho,"Loreto, Orellana, Ecuador",San Jose,-0.5,-77.28,600,600,m,4,Mar,1991,NA,NA,FLMNH
26455,1251,Heliconius,erato,hybrid,notabilis x n. subsp. EC,macho,"Tena, Napo, Ecuador",Puerto Misahualli,-1.03,-77.67,500,500,m,NA,NA,1990,NA,NA,FLMNH
26456,9068,Heliconius,erato,hybrid,notabilis x n. subsp. EC,macho,"Tena, Napo, Ecuador",Apuya,-1.1,-77.78,NA,NA,m,NA,Jul,1995,NA,NA,FLMNH
26457,4453,Heliconius,erato,hybrid,notabilis x n. subsp. EC,macho,"Tena, Napo, Ecuador",Apuya,-1.1,-77.78,NA,NA,m,8,May,1991,NA,NA,FLMNH
26458,9057,Heliconius,erato,hybrid,notabilis x n. subsp. EC,macho,"Tena, Napo, Ecuador",Apuya,-1.1,-77.78,NA,NA,m,NA,Jul,1995,NA,NA,FLMNH
26459,9060,Heliconius,erato,hybrid,notabilis x n. subsp. EC,hembra,"Tena, Napo, Ecuador",Apuya,-1.1,-77.78,NA,NA,m,NA,Jul,1995,NA,NA,FLMNH
26460,1252,Heliconius,erato,hybrid,notabilis x n. subsp. EC,macho,"Tena, Napo, Ecuador",Puerto Misahualli,-1.03,-77.67,500,500,m,NA,NA,1990,NA,NA,FLMNH
26461,9067,Heliconius,erato,hybrid,notabilis x n. subsp. EC,hembra,"Tena, Napo, Ecuador",Apuya,-1.1,-77.78,NA,NA,m,NA,Jul,1995,NA,NA,FLMNH
26462,9462,Heliconius,erato,hybrid,notabilis x n. subsp. EC,macho,"Santa Clara, Pastaza, Ecuador",Puyo - Tena rd km 31 PA,-1.32,-77.9,NA,NA,m,NA,Nov,1995,NA,NA,FLMNH
26463,4585,Heliconius,erato,hybrid,notabilis x n. subsp. EC,macho,"Tena, Napo, Ecuador",Apuya,-1.1,-77.78,NA,NA,m,8,May,1991,NA,NA,FLMNH
26464,1256,Heliconius,erato,hybrid,notabilis x n. subsp. EC,hembra,"Tena, Napo, Ecuador",Tena,-0.98,-77.82,NA,NA,m,NA,NA,1990,NA,NA,FLMNH
26465,7380,Heliconius,erato,hybrid,notabilis x n. subsp. EC,hembra,"Pastaza, Pastaza, Ecuador",Puyo - Macas km 1 PA,-1.5,-78.02,NA,NA,m,30,Mar,1993,NA,NA,FLMNH
26466,1253,Heliconius,erato,hybrid,notabilis x n. subsp. EC,macho,"Tena, Napo, Ecuador",Tena,-0.98,-77.82,NA,NA,m,NA,NA,1990,NA,NA,FLMNH
26467,9043,Heliconius,erato,hybrid,notabilis x n. subsp. EC,macho,"Tena, Napo, Ecuador",Apuya,-1.1,-77.78,NA,NA,m,NA,Jul,1995,NA,NA,FLMNH
26468,9044,Heliconius,erato,hybrid,notabilis x n. subsp. EC,macho,"Tena, Napo, Ecuador",Apuya,-1.1,-77.78,NA,NA,m,NA,Jul,1995,NA,NA,FLMNH
26469,1255,Heliconius,erato,hybrid,notabilis x n. subsp. EC,macho,"Tena, Napo, Ecuador",Tena,-0.98,-77.82,NA,NA,m,NA,NA,1990,NA,NA,FLMNH
26470,10286,Heliconius,erato,hybrid,notabilis x n. subsp. EC,hembra,"Santa Clara, Pastaza, Ecuador",El Capricho,-1.19,-77.75,900,900,m,15,Nov,1996,NA,"Neild, A.",FLMNH
26471,4454,Heliconius,erato,hybrid,notabilis x n. subsp. EC,macho,"Baños de Agua Santa, Tungurahua, Ecuador",San Francisco TU,-1.41,-78.26,NA,NA,m,NA,May,1991,NA,NA,FLMNH
26472,5226,Heliconius,erato,hybrid,notabilis x n. subsp. EC,macho,"Tena, Napo, Ecuador",Apuya,-1.1,-77.78,NA,NA,m,NA,May,1991,NA,NA,FLMNH
26473,9055,Heliconius,erato,hybrid,notabilis x n. subsp. EC,hembra,"Tena, Napo, Ecuador",Tena,-0.98,-77.82,NA,NA,m,NA,Apr,1995,NA,NA,FLMNH
26474,5228,Heliconius,erato,hybrid,notabilis x n. subsp. EC,macho,"Tena, Napo, Ecuador",Apuya,-1.1,-77.78,NA,NA,m,NA,May,1991,NA,NA,FLMNH
26475,1257,Heliconius,erato,hybrid,notabilis x n. subsp. EC,macho,"Tena, Napo, Ecuador",Tena,-0.98,-77.82,NA,NA,m,NA,NA,1990,NA,NA,FLMNH
26476,4590,Heliconius,erato,hybrid,notabilis x n. subsp. EC,macho,"Tena, Napo, Ecuador",Apuya,-1.1,-77.78,NA,NA,m,NA,May,1991,NA,NA,FLMNH
26477,4589,Heliconius,erato,hybrid,notabilis x n. subsp. EC,macho,"Tena, Napo, Ecuador",Apuya,-1.1,-77.78,NA,NA,m,NA,May,1991,NA,NA,FLMNH
26478,5225,Heliconius,erato,hybrid,notabilis x n. subsp. EC,hembra,"Tena, Napo, Ecuador",Apuya,-1.1,-77.78,NA,NA,m,5,May,1991,NA,NA,FLMNH
26479,1254,Heliconius,erato,hybrid,notabilis x n. subsp. EC,hembra,"Tena, Napo, Ecuador",Puerto Misahualli,-1.03,-77.67,500,500,m,NA,NA,1990,NA,NA,FLMNH
26480,7394,Heliconius,erato,hybrid,notabilis x n. subsp. EC,macho,"Tena, Napo, Ecuador",Pano,-1.03,-77.87,NA,NA,m,22,Oct,1992,NA,NA,FLMNH
26481,6597,Heliconius,erato,hybrid,notabilis x n. subsp. EC,macho,"Pastaza, Pastaza, Ecuador",Puyo - Tena rd km 19 PA,-1.37,-77.94,NA,NA,m,NA,Aug,1992,NA,NA,FLMNH
26482,4455,Heliconius,erato,hybrid,notabilis x n. subsp. EC,macho,"Tena, Napo, Ecuador",Apuya,-1.1,-77.78,NA,NA,m,13,Mar,1991,NA,NA,FLMNH
26483,10197,Heliconius,erato,hybrid,notabilis x n. subsp. EC,macho,"Tena, Napo, Ecuador",San Carlo Finca,-1.09,-77.78,NA,NA,m,25,Oct,1996,NA,"Neild, A.",FLMNH
26484,4591,Heliconius,erato,hybrid,notabilis x n. subsp. EC,hembra,"Tena, Napo, Ecuador",Apuya,-1.1,-77.78,NA,NA,m,4,May,1991,NA,NA,FLMNH
55004,NA,Heliconius,erato,hybrid,notabilis x lativitta,macho,"Pastaza, Pastaza, Ecuador","Parque Nacional Sangay: Cia Mal Sucre, Pastaza",-1.38,-77.87,NA,NA,m,NA,NA,NA,2010 - excat date on website,NA,Parque Nacional Sangay
55081,NA,Heliconius,erato,hybrid,notabilis x lativitta,macho,"Pastaza, Pastaza, Ecuador","Parque Nacional Sangay: Cia Mal Sucre, Pastaza",-1.38,-77.87,NA,NA,m,NA,NA,NA,25 nov  ,NA,Parque Nacional Sangay
55093,NA,Heliconius,erato,hybrid,notabilis x lativitta,macho,"Pastaza, Pastaza, Ecuador","Parque Nacional Sangay: Indillana, Pastaza",-1.58,-77.77,NA,NA,m,NA,NA,NA,29 aou,NA,Parque Nacional Sangay
63826,MCZ:Ent:109966,Heliconius,erato,hybrid,,m,"Morona, Morona Santiago, Ecuador",Macas,-2.29,-78.12,NA,NA,NA,NA,NA,NA,NA,NA,MCZ Cambridge
6103,841220,Heliconius,erato,lativitta,,macho,"Lago Agrio, Sucumbios, Ecuador",Lago Agrio SU,0.11,-76.91,250,250,m,30,Nov,1977,NA,"Samson, C.P.J.",BMNH
6104,841221,Heliconius,erato,lativitta,,macho,"Archidona, Napo, Ecuador",Osayacu,-0.77,-77.78,1000,1000,m,3,Nov,1977,NA,"Samson, C.P.J.",BMNH
6105,841222,Heliconius,erato,lativitta,,macho,"Tena, Napo, Ecuador",Misahualli,-0.95,-77.8,500,500,m,3,Nov,1977,NA,"Samson, C.P.J.",BMNH
6106,841223,Heliconius,erato,lativitta,,macho,"Orellana, Orellana, Ecuador",Coca,-0.47,-76.98,NA,NA,m,NA,NA,NA,NA,"Haensch, R.",BMNH
6107,841224,Heliconius,erato,lativitta,,macho,"Archidona, Napo, Ecuador",Archidona,-0.92,-77.8,NA,NA,m,NA,NA,NA,NA,"Haensch, R.",BMNH
6108,841225,Heliconius,erato,lativitta,,hembra,"Tena, Napo, Ecuador",Aguano,-1.07,-77.55,NA,NA,m,NA,NA,NA,NA,Simson,BMNH
6109,841226,Heliconius,erato,lativitta,,hembra,"Orellana, Orellana, Ecuador",Coca,-0.47,-76.98,NA,NA,m,NA,NA,NA,NA,"Haensch, R.",BMNH
14011,1231231978,Heliconius,erato,lativitta,,unknown,"Shushufindi, Sucumbios, Ecuador",Coca Rio,-0.25,-76.75,300,300,m,NA,NA,1971,NA,Lafebre R. de la,FLMNH (not labelled) - Basement
14012,1231231979,Heliconius,erato,lativitta,,unknown,"Baños de Agua Santa, Tungurahua, Ecuador",La Mascota TU,-1.39,-78.21,1200,1200,m,NA,NA,1970,NA,Lafebre R. de la,FLMNH (not labelled) - Basement
14014,1231231981,Heliconius,erato,lativitta,,unknown,"Tena, Napo, Ecuador",Venezia via,-1.04,-77.7,550,550,m,NA,NA,1971,NA,Lafebre R. de la,FLMNH (not labelled) - Basement
16154,1231234121,Heliconius,erato,lativitta,,unknown,"Tena, Napo, Ecuador",Pano,-1.03,-77.87,NA,NA,m,NA,NA,NA,NA,NA,FLMNH (not labelled) - Accessions (2nd floor)
16155,1231234122,Heliconius,erato,lativitta,,unknown,"Tena, Napo, Ecuador",Latas,-1.03,-77.73,NA,NA,m,NA,NA,NA,NA,NA,FLMNH (not labelled) - Accessions (2nd floor)
16156,1231234123,Heliconius,erato,lativitta,,unknown,"Pastaza, Pastaza, Ecuador",Puyo PA,-1.47,-77.98,NA,NA,m,NA,NA,NA,NA,NA,FLMNH (not labelled) - Accessions (2nd floor)
16157,1231234124,Heliconius,erato,lativitta,,unknown,"Tena, Napo, Ecuador",Apuyo,-1.1,-77.78,NA,NA,m,NA,NA,NA,NA,NA,FLMNH (not labelled) - Accessions (2nd floor)
16461,1231234428,Heliconius,erato,lativitta,,unknown,"Tena, Napo, Ecuador",Latas,-1.03,-77.73,NA,NA,m,NA,NA,NA,NA,NA,FLMNH (not labelled) - Basement
16463,1231234430,Heliconius,erato,lativitta,,unknown,"Shushufindi, Sucumbios, Ecuador",Limoncocha,-0.4,-76.62,NA,NA,m,NA,NA,NA,NA,NA,FLMNH (not labelled) - Basement
16465,1231234432,Heliconius,erato,lativitta,,unknown,"Pastaza, Pastaza, Ecuador",Huagrayacu Rio PA,-1.42,-78.02,NA,NA,m,NA,NA,NA,NA,NA,FLMNH (not labelled) - Basement
16519,1231234486,Heliconius,erato,lativitta,,unknown,"Tena, Napo, Ecuador",Puerto Misahualli,-1.03,-77.67,NA,NA,m,NA,NA,NA,NA,NA,FLMNH (not labelled) - Basement
16520,1231234487,Heliconius,erato,lativitta,,unknown,"Arajuno, Pastaza, Ecuador",Puyo - Arajuno rd km 37 PA,-1.37,-77.7,NA,NA,m,NA,NA,NA,NA,NA,FLMNH (not labelled) - Basement
16523,1231234490,Heliconius,erato,lativitta,,unknown,"Tena, Napo, Ecuador",Tena,-0.98,-77.82,NA,NA,m,NA,NA,NA,NA,NA,FLMNH (not labelled) - Basement
16524,1231234491,Heliconius,erato,lativitta,,unknown,"Morona, Morona Santiago, Ecuador",Pumayacu Rio Macas,-2.32,-78.12,NA,NA,m,NA,NA,NA,NA,NA,FLMNH (not labelled) - Basement
16526,1231234493,Heliconius,erato,lativitta,,unknown,"Morona, Morona Santiago, Ecuador",Pumayacu Rio Macas,-2.32,-78.12,NA,NA,m,NA,NA,NA,NA,NA,FLMNH (not labelled) - Basement
16527,1231234494,Heliconius,erato,lativitta,,unknown,"Tena, Napo, Ecuador",Rio Napo - Misahualli,-1.03,-77.67,1700,1700,ft,NA,NA,1998,NA,NA,FLMNH (not labelled) - Basement
16529,1231234496,Heliconius,erato,lativitta,,unknown,"Carlos Julio Arosemena Tola, Napo, Ecuador",Tena - Puyo km 20,-1.13,-77.82,600,600,m,NA,NA,1994,NA,NA,FLMNH (not labelled) - Basement
16530,1231234497,Heliconius,erato,lativitta,,unknown,"Arajuno, Pastaza, Ecuador",Puyo - Arajuno rd km 42 PA,-1.33,-77.71,1000,1000,m,NA,NA,2000,NA,godefroi and busby,FLMNH (not labelled) - Basement
16531,1231234498,Heliconius,erato,lativitta,,unknown,"Shushufindi, Sucumbios, Ecuador",Limoncocha,-0.4,-76.62,240,240,m,NA,NA,1980,NA,Covell,FLMNH (not labelled) - Basement
17112,1231235079,Heliconius,erato,lativitta,,unknown,"Orellana, Orellana, Ecuador",Coca (Bristow),-0.5,-77,350,350,m,3,May,1975,NA,Bristow,NHM Accessions
32304,1231239976,Heliconius,erato,lativitta,,unknown,"Archidona, Napo, Ecuador",Archidona,-0.92,-77.8,NA,NA,m,NA,NA,NA,NA,NA,Brower
32305,1231239977,Heliconius,erato,lativitta,,unknown,"Archidona, Napo, Ecuador",Archidona,-0.92,-77.8,NA,NA,m,NA,NA,NA,NA,NA,Brower
34055,1231241650,Heliconius,erato,lativitta,,macho,"Orellana, Orellana, Ecuador",Anangu Boca del Rio OR,-0.53,-76.39,220,300,m,17,Nov,2005,NA,NA,Jiggins
34056,1231241651,Heliconius,erato,lativitta,,hembra,"Orellana, Orellana, Ecuador",Anangu Boca del Rio OR,-0.53,-76.39,220,300,m,22,Nov,2005,NA,NA,Jiggins
34057,1231241652,Heliconius,erato,lativitta,,hembra,"Orellana, Orellana, Ecuador",Anangu Boca del Rio OR,-0.53,-76.39,220,300,m,22,Nov,2005,NA,NA,Jiggins
34058,1231241653,Heliconius,erato,lativitta,,macho,"Orellana, Orellana, Ecuador",Anangu Boca del Rio OR,-0.53,-76.39,220,300,m,27,Nov,2005,NA,NA,Jiggins
34059,1231241654,Heliconius,erato,lativitta,,macho,"Orellana, Orellana, Ecuador",Anangu Boca del Rio OR,-0.53,-76.39,220,300,m,7,Dec,2005,NA,NA,Jiggins
34060,1231241655,Heliconius,erato,lativitta,,macho,"Orellana, Orellana, Ecuador",Anangu Boca del Rio OR,-0.53,-76.39,220,300,m,7,Dec,2005,NA,NA,Jiggins
34061,1231241656,Heliconius,erato,lativitta,,macho,"Orellana, Orellana, Ecuador",Anangu Boca del Rio OR,-0.53,-76.39,220,300,m,7,Dec,2005,NA,NA,Jiggins
34062,1231241657,Heliconius,erato,lativitta,,hembra,"Orellana, Orellana, Ecuador",Anangu Boca del Rio OR,-0.53,-76.39,220,300,m,7,Dec,2005,NA,NA,Jiggins
34063,1231241658,Heliconius,erato,lativitta,,macho,"Orellana, Orellana, Ecuador",Anangu Boca del Rio OR,-0.53,-76.39,220,300,m,8,Dec,2005,NA,NA,Jiggins
34064,1231241659,Heliconius,erato,lativitta,,macho,"Orellana, Orellana, Ecuador",Anangu Boca del Rio OR,-0.53,-76.39,220,300,m,9,Dec,2005,NA,NA,Jiggins
34065,1231241660,Heliconius,erato,lativitta,,hembra,"Orellana, Orellana, Ecuador",Anangu Boca del Rio OR,-0.53,-76.39,220,300,m,9,Dec,2005,NA,NA,Jiggins
34066,1231241661,Heliconius,erato,lativitta,,macho,"Orellana, Orellana, Ecuador",Anangu Boca del Rio OR,-0.53,-76.39,220,300,m,9,Dec,2005,NA,NA,Jiggins
34067,1231241662,Heliconius,erato,lativitta,,macho,"Orellana, Orellana, Ecuador",Anangu Boca del Rio OR,-0.53,-76.39,220,300,m,9,Dec,2005,NA,NA,Jiggins
34068,1231241663,Heliconius,erato,lativitta,,macho,"Orellana, Orellana, Ecuador",Anangu Boca del Rio OR,-0.53,-76.39,220,300,m,10,Dec,2005,NA,NA,Jiggins
34069,1231241664,Heliconius,erato,lativitta,,hembra,"Orellana, Orellana, Ecuador",Anangu Boca del Rio OR,-0.53,-76.39,220,300,m,13,Dec,2005,NA,NA,Jiggins
34070,1231241665,Heliconius,erato,lativitta,,macho,"Quijos, Napo, Ecuador","Baeza, in river by cementerio,",-0.46,-77.9,1800,1800,m,NA,NA,NA,NA,NA,Jiggins
34071,1231241666,Heliconius,erato,lativitta,,macho,"Gonzalo Pizarro, Napo, Ecuador","San Raphael Falls, Baeza-Lago Agrio",-0.1,-77.58,NA,NA,m,NA,NA,NA,NA,NA,Jiggins
35066,1231246300,Heliconius,erato,lativitta,,desconocido,"Cascales, Sucumbios, Ecuador",0-77a N,0.25,-77.25,NA,NA,m,NA,NA,NA,NA,NA,KB 1979
36970,1231248204,Heliconius,erato,lativitta,,desconocido,"Archidona, Napo, Ecuador",1-78b S,-0.75,-77.75,NA,NA,m,NA,NA,NA,NA,NA,KB 1979
36980,1231248214,Heliconius,erato,lativitta,,desconocido,"Pastaza, Pastaza, Ecuador",2-78b S,-1.75,-77.75,NA,NA,m,NA,NA,NA,NA,NA,KB 1979
37356,1231248590,Heliconius,erato,lativitta,,desconocido,"Baños de Agua Santa, Tungurahua, Ecuador",1-78c S,-1.25,-78.25,NA,NA,m,NA,NA,NA,NA,NA,KB 1979
37820,1231249054,Heliconius,erato,lativitta,,desconocido,"El Chaco, Napo, Ecuador",0-78d S,-0.25,-77.75,NA,NA,m,NA,NA,NA,NA,NA,KB 1979
37832,1231249066,Heliconius,erato,lativitta,,desconocido,"Shushufindi, Sucumbios, Ecuador",0-77d S,-0.25,-76.75,NA,NA,m,NA,NA,NA,NA,NA,KB 1979
37849,1231249083,Heliconius,erato,lativitta,,desconocido,"Arajuno, Pastaza, Ecuador",1-78d S,-1.25,-77.75,NA,NA,m,NA,NA,NA,NA,NA,KB 1979
38652,1231250610,Heliconius,erato,lativitta,,desconocido,"Tena, Napo, Ecuador",Latas,-1.03,-77.73,500,500,m,NA,NA,NA,NA,"Velástegui, D.",MHNL PERU ex Peru
54607,NA,Heliconius,erato,lativitta,,unknown,"Tena, Napo, Ecuador",Jatun Sacha,-1.07,-77.6,400,450,m,NA,NA,NA,NA,NA,"Journal of Research on the Lepidoptera 35:42–60, 1"
54891,NA,Heliconius,erato,lativitta,,unknown,"Orellana, Orellana, Ecuador","Yasuni Research Station,",-0.67,-76.4,200,500,m,NA,NA,NA,NA,NA,Temporal abundance patterns of butterfl y communit
54980,NA,Heliconius,erato,lativitta,,macho,"Huamboya, Morona Santiago, Ecuador","Parque Nacional Sangay: rio Shankaime, Morona Santiago",-1.95,-77.87,NA,NA,m,NA,NA,NA,2010 - excat date on website,NA,Parque Nacional Sangay
55605,NA,Heliconius,erato,lativitta,,NA,"Tena, Napo, Ecuador",Finca San Carlo Ecuador Napo,-1.09,-77.78,600,600,m,NA,NA,NA,NA,NA,MECN TABD
55809,NA,Heliconius,erato,lativitta,,female,"Orellana, Orellana, Ecuador","Napo Wildlife Center, Napo trail Ecuador Orellana",-0.51,-76.44,240,240,m,16,Oct,2005,NA,K. Willmott,FLMNH TABD
55817,NA,Heliconius,erato,lativitta,,female,"Orellana, Orellana, Ecuador",Boca del Río Anañgu Ecuador Orellana,-0.53,-76.39,240,300,m,13,Dec,2005,NA,K. Willmott,FLMNH TABD
55886,NA,Heliconius,erato,lativitta,,NA,"Carlos Julio Arosemena Tola, Napo, Ecuador",Sadsayacu Ecuador Napo,-1.18,-77.83,700,650,m,NA,NA,NA,NA,NA,MECN TABD
55892,NA,Heliconius,erato,lativitta,,NA,"Arajuno, Pastaza, Ecuador",Km 45 vía Puyo - Arajuno Ecuador Pastaza,-1.22,-77.67,1000,1000,m,NA,NA,NA,NA,NA,MECN TABD
55898,NA,Heliconius,erato,lativitta,,NA,"Arajuno, Pastaza, Ecuador",Km 45 vía Puyo - Arajuno Ecuador Pastaza,-1.22,-77.67,1000,1000,m,NA,NA,NA,NA,NA,MECN TABD
55917,NA,Heliconius,erato,lativitta,,NA,"Carlos Julio Arosemena Tola, Napo, Ecuador",Sadsayacu Ecuador Napo,-1.18,-77.83,700,650,m,NA,NA,NA,NA,NA,MECN TABD
55923,NA,Heliconius,erato,lativitta,,NA,"Tena, Napo, Ecuador",Apuya Ecuador Napo,-1.1,-77.78,600,600,m,NA,NA,NA,NA,NA,MECN TABD
55924,NA,Heliconius,erato,lativitta,,NA,"Arajuno, Pastaza, Ecuador",Km 45 vía Puyo - Arajuno Ecuador Pastaza,-1.22,-77.67,1000,1000,m,NA,NA,NA,NA,NA,MECN TABD
55995,NA,Heliconius,erato,lativitta,,NA,"Putumayo, Sucumbios, Ecuador",Aguas Negras Ecuador Sucumbíos,-0.05,-75.95,200,200,m,NA,NA,NA,NA,NA,MECN TABD
55997,NA,Heliconius,erato,lativitta,,NA,"Lago Agrio, Sucumbios, Ecuador",nr. Lago Agrio Ecuador Orellana,0.11,-76.91,250,250,m,NA,NA,NA,NA,NA,MECN TABD
55998,NA,Heliconius,erato,lativitta,,NA,"Tena, Napo, Ecuador",Jatun Sacha Ecuador Napo,-1.05,-77.58,450,450,m,NA,NA,NA,NA,NA,MECN TABD
56000,NA,Heliconius,erato,lativitta,,NA,"Tena, Napo, Ecuador",Jatun Sacha Ecuador Napo,-1.05,-77.58,450,450,m,NA,NA,NA,NA,NA,MECN TABD
56002,NA,Heliconius,erato,lativitta,,NA,"La Joya de los Sachas, Orellana, Ecuador",Palma Oriente Ecuador Napo,-0.33,-77.02,1200,1200,m,NA,NA,NA,NA,NA,MECN TABD
56003,NA,Heliconius,erato,lativitta,,NA,"Cascales, Sucumbios, Ecuador",Shushufindi Ecuador Orellana,-0.03,-77.13,250,250,m,NA,NA,NA,NA,NA,MECN TABD
56007,NA,Heliconius,erato,lativitta,,NA,"Tena, Napo, Ecuador",Jatun Sacha Ecuador Napo,-1.05,-77.58,450,450,m,NA,NA,NA,NA,NA,MECN TABD
63814,MCZ:Ent:170647,Heliconius,erato,lativitta,,f,"Shushufindi, Sucumbios, Ecuador",Limoncocha,-0.4,-76.61,NA,NA,NA,30,NA,NA,'27-30 June 1980,William D. Winter,MCZ Cambridge
63948,MCZ:Ent:113499,Heliconius,erato,lativitta,,m,"Morona, Morona Santiago, Ecuador",Macas,-2.29,-78.12,NA,NA,NA,NA,NA,NA,NA,NA,MCZ Cambridge
35727058,35727058,Heliconius,erato,lativitta,,NA,"Tena, Napo, Ecuador","Tena, Ecuador",-1.081655205,-77.91347496,NA,NA,NA,5,Mar,2018,NA,Samuel Valdes,iNaturalist
35967868,35967868,Heliconius,erato,lativitta,,NA,"Arajuno, Pastaza, Ecuador","Arajuno, Ecuador",-1.104235,-76.726357,NA,NA,NA,28,Jan,2019,NA,,iNaturalist
40696874,40696874,Heliconius,erato,lativitta,,NA,"Pastaza, Pastaza, Ecuador",Ecuador,-1.6283269,-77.9095281,NA,NA,NA,3,Jul,2012,NA,Frank Dietze,iNaturalist
41055985,41055985,Heliconius,erato,lativitta,,NA,"Orellana, Orellana, Ecuador","Parque Nacional YasunÃ­, Orellana, Orellana, EC",-0.524135883,-76.44028445,NA,NA,NA,14,Jan,2020,NA,,iNaturalist
58207690,58207690,Heliconius,erato,lativitta,,NA,"Orellana, Orellana, Ecuador","Alejandro Labaka, Ecuador",-0.447077796,-76.52765103,NA,NA,NA,21,Dec,2017,NA,Nelson Apolo,iNaturalist
83001433,83001433,Heliconius,erato,lativitta,,NA,"Lago Agrio, Sucumbios, Ecuador","Nueva Loja, Ecuador",0.102704392,-76.88767376,NA,NA,NA,5,Jun,2021,NA,David Torres,iNaturalist
106194584,106194584,Heliconius,erato,lativitta,,NA,"Tena, Napo, Ecuador","Apuya Tract, Tena, Ecuador",-1.10943,-77.781139,NA,NA,NA,29,Sep,2021,NA,Jim Anno,iNaturalist
140343141,140343141,Heliconius,erato,lativitta,,NA,"Tena, Napo, Ecuador","Tena, Ecuador",-1.075917777,-77.93711433,NA,NA,NA,29,Nov,2019,NA,Karen Nichols,iNaturalist
146243932,146243932,Heliconius,erato,lativitta,,NA,"Tena, Napo, Ecuador","Apuya, Ecuador",-1.110731111,-77.78059417,NA,NA,NA,5,Oct,2022,NA,Emily Hjalmarson,iNaturalist
151278918,151278918,Heliconius,erato,lativitta,,NA,"Pastaza, Pastaza, Ecuador","Pastaza, EC-PA, EC",-1.616103566,-77.83938818,NA,NA,NA,16,Mar,2023,NA,Alan Rockefeller,iNaturalist
152183173,152183173,Heliconius,erato,lativitta,,NA,"Archidona, Napo, Ecuador","Archidona Canton, Ecuador",-0.704395113,-77.59340569,NA,NA,NA,22,Jul,2019,NA,Frode Jacobsen,iNaturalist
158977132,158977132,Heliconius,erato,lativitta,,NA,"Lago Agrio, Sucumbios, Ecuador","Jambeli, Ecuador",0.2972383,-77.1209638,NA,NA,NA,24,Apr,2023,NA,Yeny Alcivar,iNaturalist
163479692,163479692,Heliconius,erato,lativitta,,NA,"Tena, Napo, Ecuador","Tena, Napo, EC",-0.994541667,-77.80529667,NA,NA,NA,24,May,2023,NA,,iNaturalist
183205790,183205790,Heliconius,erato,lativitta,,NA,"Tena, Napo, Ecuador","X87M+2VX, Puerto MisahuallÃ­, Ecuador",-1.037584339,-77.66531602,NA,NA,NA,14,Sep,2023,NA,Norman Behr,iNaturalist
190983521,190983521,Heliconius,erato,lativitta,,NA,"Loreto, Orellana, Ecuador",Ishpingo pacha,-0.5555993,-77.2473333,NA,NA,NA,11,Nov,2023,NA,Catalina Tong,iNaturalist
191650810,191650810,Heliconius,erato,lativitta,,NA,"Tena, Napo, Ecuador","Puerto Napo, Ecuador",-1.031838,-77.730957,NA,NA,NA,6,Nov,2023,NA,,iNaturalist
193361279,193361279,Heliconius,erato,lativitta,,NA,"Tena, Napo, Ecuador","Puerto Napo, Ecuador",-1.031838,-77.730957,NA,NA,NA,4,Nov,2023,NA,,iNaturalist
218196525,218196525,Heliconius,erato,lativitta,,NA,"Tena, Napo, Ecuador","Chontapunta, Ecuador",-0.8783678,-77.2657825,NA,NA,NA,25,May,2024,NA,Margarita LÃ³pez,iNaturalist
226400769,226400769,Heliconius,erato,lativitta,,NA,"Orellana, Orellana, Ecuador","Francisco de Orellana, Ecuador",-0.489062,-76.323494,NA,NA,NA,31,May,2024,NA,Zoltan BAGOSI,iNaturalist
228895939,228895939,Heliconius,erato,lativitta,,NA,"Tena, Napo, Ecuador","Via Ahuano Yuralpa, Tena, Napo, EC",-1.041036167,-77.71527833,NA,NA,NA,12,Jul,2024,NA,Matt DuRoss,iNaturalist
6031,841201,Heliconius,erato,notabilis,,macho,"Baños de Agua Santa, Tungurahua, Ecuador",La Victoria TU,-1.41,-78.22,3500,3500,ft,NA,NA,NA,NA,"Palmer, M.G.",BMNH
14026,1231231993,Heliconius,erato,notabilis,,unknown,"Arajuno, Pastaza, Ecuador",Arajuno Rio,-1.23,-77.7,1000,1000,m,NA,NA,1941,NA,"McIntyre, W.C.",FLMNH (not labelled) - Basement
14028,1231231995,Heliconius,erato,notabilis,,unknown,"Pastaza, Pastaza, Ecuador",Huagrayacu Rio PA,-1.42,-78.02,900,900,m,NA,NA,1941,NA,"McIntyre, W.C.",FLMNH (not labelled) - Basement
14029,1231231996,Heliconius,erato,notabilis,,unknown,"Pastaza, Pastaza, Ecuador",Huagrayacu Rio PA,-1.42,-78.02,900,900,m,NA,NA,1941,NA,"McIntyre, W.C.",FLMNH (not labelled) - Basement
14030,1231231997,Heliconius,erato,notabilis,,unknown,"Baños de Agua Santa, Tungurahua, Ecuador",Blanco Rio TU,-1.38,-78.33,NA,NA,m,NA,NA,NA,NA,Lafebre R. de la,FLMNH (not labelled) - Basement
14031,1231231998,Heliconius,erato,notabilis,,unknown,"Palora, Pastaza, Ecuador",Alpayacu PA,-1.47,-78.12,3600,3600,ft,NA,NA,1910,NA,NA,FLMNH (not labelled) - Basement
16150,1231234117,Heliconius,erato,notabilis,,unknown,"Baños de Agua Santa, Tungurahua, Ecuador",Topo TU,-1.42,-78.17,NA,NA,m,NA,NA,NA,NA,NA,FLMNH (not labelled) - Accessions (2nd floor)
16151,1231234118,Heliconius,erato,notabilis,,unknown,"Tena, Napo, Ecuador",Pununo,-1.02,-77.67,NA,NA,m,NA,NA,NA,NA,NA,FLMNH (not labelled) - Accessions (2nd floor)
16153,1231234120,Heliconius,erato,notabilis,,unknown,"Baños de Agua Santa, Tungurahua, Ecuador",Topo TU,-1.42,-78.17,NA,NA,m,NA,NA,NA,NA,NA,FLMNH (not labelled) - Accessions (2nd floor)
16300,1231234267,Heliconius,erato,notabilis,,unknown,"Baños de Agua Santa, Tungurahua, Ecuador",Topo Rio TU,-1.42,-78.17,NA,NA,m,NA,NA,NA,NA,NA,FLMNH (not labelled) - Basement
16301,1231234268,Heliconius,erato,notabilis,,unknown,"Pastaza, Pastaza, Ecuador",Puyo 18 km n PA,-1.39,-77.97,NA,NA,m,NA,NA,NA,NA,NA,FLMNH (not labelled) - Basement
16303,1231234270,Heliconius,erato,notabilis,,unknown,"Tena, Napo, Ecuador",Tena,-0.98,-77.82,NA,NA,m,NA,NA,NA,NA,NA,FLMNH (not labelled) - Basement
16328,1231234295,Heliconius,erato,notabilis,,unknown,"Pastaza, Pastaza, Ecuador",Puyo PA,-1.47,-77.98,NA,NA,m,NA,NA,NA,NA,NA,FLMNH (not labelled) - Basement
16329,1231234296,Heliconius,erato,notabilis,,unknown,"Pastaza, Pastaza, Ecuador",Puyo 30km E PA,-1.48,-77.77,NA,NA,m,NA,NA,NA,NA,NA,FLMNH (not labelled) - Basement
16330,1231234297,Heliconius,erato,notabilis,,unknown,"Baños de Agua Santa, Tungurahua, Ecuador",Topo Rio TU,-1.42,-78.17,NA,NA,m,NA,NA,NA,NA,NA,FLMNH (not labelled) - Basement
16331,1231234298,Heliconius,erato,notabilis,,unknown,"Baños de Agua Santa, Tungurahua, Ecuador",Topo Rio TU,-1.42,-78.17,1200,1200,m,NA,NA,NA,NA,NA,FLMNH (not labelled) - Basement
16332,1231234299,Heliconius,erato,notabilis,,unknown,"Mera, Pastaza, Ecuador",Chico Rio PA,-1.46,-78.11,NA,NA,m,NA,NA,NA,NA,NA,FLMNH (not labelled) - Basement
16333,1231234300,Heliconius,erato,notabilis,,unknown,"Baños de Agua Santa, Tungurahua, Ecuador",Topo Rio TU,-1.42,-78.17,NA,NA,m,NA,NA,NA,NA,NA,FLMNH (not labelled) - Basement
16335,1231234302,Heliconius,erato,notabilis,,unknown,"Mera, Pastaza, Ecuador",Shell TU,-1.5,-78.05,NA,NA,m,NA,NA,NA,NA,NA,FLMNH (not labelled) - Basement
16908,1231234875,Heliconius,erato,notabilis,,unknown,"El Chaco, Napo, Ecuador",El Chaco 8km N,-0.29,-77.77,1800,1800,m,NA,NA,1977,NA,Samson,NHM Accessions
16933,1231234900,Heliconius,erato,notabilis,,unknown,"Archidona, Napo, Ecuador",Antisana Rio lower CO,-0.76,-78.09,2000,2000,m,NA,NA,1977,NA,Samson,NHM Accessions
26354,5104,Heliconius,erato,notabilis,,macho,"Baños de Agua Santa, Tungurahua, Ecuador",Topo TU,-1.42,-78.17,NA,NA,m,17,Jan,1992,NA,NA,FLMNH
26355,5101,Heliconius,erato,notabilis,,macho,"Baños de Agua Santa, Tungurahua, Ecuador",Topo TU,-1.42,-78.17,1250,1250,m,4,Feb,1992,NA,"Velástegui, C.",FLMNH
26356,9421,Heliconius,erato,notabilis,,macho,"Baños de Agua Santa, Tungurahua, Ecuador",Topo TU,-1.42,-78.17,1400,1400,m,22,Sep,1995,NA,"Neild, A.",FLMNH
26357,9463,Heliconius,erato,notabilis,,macho,"Baños de Agua Santa, Tungurahua, Ecuador",Tigre Rio TU,-1.42,-78.17,NA,NA,m,NA,Dec,1995,NA,NA,FLMNH
26358,6593,Heliconius,erato,notabilis,,macho,"Baños de Agua Santa, Tungurahua, Ecuador",Topo TU,-1.42,-78.17,NA,NA,m,NA,Oct,1992,NA,NA,FLMNH
26359,1226,Heliconius,erato,notabilis,,hembra,"Baños de Agua Santa, Tungurahua, Ecuador",Topo TU,-1.42,-78.17,NA,NA,m,20,Jun,1989,NA,NA,FLMNH
26360,4972,Heliconius,erato,notabilis,,hembra,"Santa Clara, Pastaza, Ecuador",Puyo - Tena rd km 25 PA,-1.33,-77.93,1100,1100,m,NA,NA,1992,6-May,NA,FLMNH
26361,5597,Heliconius,erato,notabilis,,macho,"Santa Clara, Pastaza, Ecuador",Llandia Rio PA,-1.33,-77.93,1100,1100,m,10,Feb,1992,NA,NA,FLMNH
26362,4973,Heliconius,erato,notabilis,,hembra,"Santa Clara, Pastaza, Ecuador",Puyo - Tena rd km 25 PA,-1.33,-77.93,1100,1100,m,NA,NA,1992,6-May,NA,FLMNH
26363,10199,Heliconius,erato,notabilis,,macho,"Santa Clara, Pastaza, Ecuador",Llandia Rio PA,-1.33,-77.93,1000,1000,m,13,Nov,1996,NA,"Neild, A.",FLMNH
26364,10195,Heliconius,erato,notabilis,,macho,"Santa Clara, Pastaza, Ecuador",Llandia Rio PA,-1.33,-77.93,1000,1000,m,16,Nov,1996,NA,"Neild, A.",FLMNH
26365,5598,Heliconius,erato,notabilis,,macho,"Santa Clara, Pastaza, Ecuador",Llandia Rio PA,-1.33,-77.93,900,900,m,10,Feb,1992,NA,NA,FLMNH
26366,1225,Heliconius,erato,notabilis,,macho,"Tena, Napo, Ecuador",Tena,-0.98,-77.82,NA,NA,m,NA,NA,1989,NA,NA,FLMNH
26367,5103,Heliconius,erato,notabilis,,hembra,"Pastaza, Pastaza, Ecuador",Puyo - Tena rd km 19 PA,-1.37,-77.94,1100,1100,m,14,Feb,1991,NA,NA,FLMNH
26368,1224,Heliconius,erato,notabilis,,macho,"Tena, Napo, Ecuador",Tena,-0.98,-77.82,NA,NA,m,NA,NA,1989,NA,NA,FLMNH
26369,5100,Heliconius,erato,notabilis,,hembra,"Baños de Agua Santa, Tungurahua, Ecuador",Mexico TU,-1.32,-78.2,1800,1800,m,NA,NA,1992,NA,NA,FLMNH
26370,5105,Heliconius,erato,notabilis,,hembra,"Baños de Agua Santa, Tungurahua, Ecuador",Mexico TU,-1.32,-78.2,1800,1800,m,NA,NA,1992,NA,NA,FLMNH
26371,5106,Heliconius,erato,notabilis,,hembra,"Baños de Agua Santa, Tungurahua, Ecuador",Mexico TU,-1.32,-78.2,1800,1800,m,NA,NA,1992,NA,NA,FLMNH
26372,4971,Heliconius,erato,notabilis,,macho,"Mera, Morona Santiago, Ecuador",Puyo - Macas km15-30 PA,-1.66,-78.01,NA,NA,m,NA,NA,1992,6-May,NA,FLMNH
26373,4974,Heliconius,erato,notabilis,,macho,"Mera, Morona Santiago, Ecuador",Puyo - Macas km15-30 PA,-1.66,-78.01,NA,NA,m,NA,NA,1992,6-May,NA,FLMNH
26374,5102,Heliconius,erato,notabilis,,macho,"Pastaza, Pastaza, Ecuador",Pitirishca PA,-1.8,-77.82,800,800,m,29,Oct,1991,NA,NA,FLMNH
26375,4968,Heliconius,erato,notabilis,,macho,"Mera, Morona Santiago, Ecuador",Puyo - Macas km15-30 PA,-1.66,-78.01,NA,NA,m,NA,NA,1992,6-May,NA,FLMNH
26376,5096,Heliconius,erato,notabilis,,hembra,"Santa Clara, Pastaza, Ecuador",Llandia Rio PA,-1.33,-77.93,1100,1100,m,15,Feb,1992,NA,"Velástegui, D.",FLMNH
33009,1231240681,Heliconius,erato,notabilis,,unknown,"Pastaza, Pastaza, Ecuador",Puyo Rio PA,-1.47,-77.98,NA,NA,m,NA,NA,NA,NA,NA,Brower
33010,1231240682,Heliconius,erato,notabilis,,unknown,"Pastaza, Pastaza, Ecuador",Puyo Rio PA,-1.47,-77.98,NA,NA,m,NA,NA,NA,NA,NA,Brower
33011,1231240683,Heliconius,erato,notabilis,,unknown,"Pastaza, Pastaza, Ecuador",Puyo Rio PA,-1.47,-77.98,NA,NA,m,NA,NA,NA,NA,NA,Brower
33012,1231240684,Heliconius,erato,notabilis,,unknown,"Pastaza, Pastaza, Ecuador",Puyo Rio PA,-1.47,-77.98,NA,NA,m,NA,NA,NA,NA,NA,Brower
33013,1231240685,Heliconius,erato,notabilis,,unknown,"Pastaza, Pastaza, Ecuador",Puyo Rio PA,-1.47,-77.98,NA,NA,m,NA,NA,NA,NA,NA,Brower
33014,1231240686,Heliconius,erato,notabilis,,unknown,"Pastaza, Pastaza, Ecuador",Puyo Rio PA,-1.47,-77.98,NA,NA,m,NA,NA,NA,NA,NA,Brower
33015,1231240687,Heliconius,erato,notabilis,,unknown,"Pastaza, Pastaza, Ecuador",Puyo Rio PA,-1.47,-77.98,NA,NA,m,NA,NA,NA,NA,NA,Brower
33018,1231240690,Heliconius,erato,notabilis,,unknown,"Pastaza, Pastaza, Ecuador","Rio Sucio, Puyo, Pastaza Prov.",-1.49,-78,NA,NA,m,NA,NA,NA,NA,NA,Brower
33019,1231240691,Heliconius,erato,notabilis,,unknown,"Pastaza, Pastaza, Ecuador","Rio Sucio, Puyo, Pastaza Prov.",-1.49,-78,NA,NA,m,NA,NA,NA,NA,NA,Brower
33020,1231240692,Heliconius,erato,notabilis,,unknown,"Pastaza, Pastaza, Ecuador","Rio Sucio, Puyo, Pastaza Prov.",-1.49,-78,NA,NA,m,NA,NA,NA,NA,NA,Brower
33021,1231240693,Heliconius,erato,notabilis,,unknown,"Pastaza, Pastaza, Ecuador","Rio Sucio, Puyo, Pastaza Prov.",-1.49,-78,NA,NA,m,NA,NA,NA,NA,NA,Brower
33022,1231240694,Heliconius,erato,notabilis,,unknown,"Pastaza, Pastaza, Ecuador","Rio Sucio, Puyo, Pastaza Prov.",-1.49,-78,NA,NA,m,NA,NA,NA,NA,NA,Brower
33023,1231240695,Heliconius,erato,notabilis,,unknown,"Pastaza, Pastaza, Ecuador","Rio Sucio, Puyo, Pastaza Prov.",-1.49,-78,NA,NA,m,NA,NA,NA,NA,NA,Brower
33024,1231240696,Heliconius,erato,notabilis,,unknown,"Pastaza, Pastaza, Ecuador","Rio Sucio, Puyo, Pastaza Prov.",-1.49,-78,NA,NA,m,NA,NA,NA,NA,NA,Brower
33025,1231240697,Heliconius,erato,notabilis,,unknown,"Pastaza, Pastaza, Ecuador","Rio Sucio, Puyo, Pastaza Prov.",-1.49,-78,NA,NA,m,NA,NA,NA,NA,NA,Brower
33026,1231240698,Heliconius,erato,notabilis,,unknown,"Pastaza, Pastaza, Ecuador","Rio Sucio, Puyo, Pastaza Prov.",-1.49,-78,NA,NA,m,NA,NA,NA,NA,NA,Brower
33027,1231240699,Heliconius,erato,notabilis,,unknown,"Pastaza, Pastaza, Ecuador","Rio Sucio, Puyo, Pastaza Prov.",-1.49,-78,NA,NA,m,NA,NA,NA,NA,NA,Brower
33028,1231240700,Heliconius,erato,notabilis,,unknown,"Pastaza, Pastaza, Ecuador","Rio Sucio, Puyo, Pastaza Prov.",-1.49,-78,NA,NA,m,NA,NA,NA,NA,NA,Brower
34072,1231241667,Heliconius,erato,notabilis,,macho,"Palora, Morona Santiago, Ecuador","El Topo, Baños - Puyo road TU",-1.46,-78.19,1300,1300,m,20,Feb,2002,NA,NA,Jiggins
34073,1231241668,Heliconius,erato,notabilis,,macho,"Palora, Morona Santiago, Ecuador","El Topo, Baños - Puyo road TU",-1.46,-78.19,1300,1300,m,12,Dec,2006,NA,NA,Jiggins
34074,1231241669,Heliconius,erato,notabilis,,hembra,"Palora, Morona Santiago, Ecuador","El Topo, Baños - Puyo road TU",-1.46,-78.19,1300,1300,m,12,Dec,2006,NA,NA,Jiggins
34075,1231241670,Heliconius,erato,notabilis,,macho,"Palora, Morona Santiago, Ecuador","El Topo, Baños - Puyo road TU",-1.46,-78.19,1300,1300,m,13,Dec,2007,NA,NA,Jiggins
34076,1231241671,Heliconius,erato,notabilis,,hembra,"Palora, Morona Santiago, Ecuador","El Topo, Baños - Puyo road TU",-1.46,-78.19,1300,1300,m,13,Dec,2007,NA,NA,Jiggins
34077,1231241672,Heliconius,erato,notabilis,,hembra,"Palora, Morona Santiago, Ecuador","El Topo, Baños - Puyo road TU",-1.46,-78.19,1300,1300,m,16,Feb,2002,NA,NA,Jiggins
34078,1231241673,Heliconius,erato,notabilis,,macho,"Palora, Morona Santiago, Ecuador","El Topo, Baños - Puyo road TU",-1.46,-78.19,1300,1300,m,16,Feb,2002,NA,NA,Jiggins
34079,1231241674,Heliconius,erato,notabilis,,hembra,"Palora, Morona Santiago, Ecuador","El Topo, Baños - Puyo road TU",-1.46,-78.19,1300,1300,m,NA,NA,NA,NA,NA,Jiggins
34080,1231241675,Heliconius,erato,notabilis,,macho,"Palora, Morona Santiago, Ecuador","El Topo, Baños - Puyo road TU",-1.46,-78.19,1300,1300,m,NA,NA,NA,NA,NA,Jiggins
34081,1231241676,Heliconius,erato,notabilis,,hembra,"Palora, Morona Santiago, Ecuador","Rio Anso, near Mera",-1.47,-78.13,NA,NA,m,14,Dec,2006,NA,NA,Jiggins
34082,1231241677,Heliconius,erato,notabilis,,hembra,"Palora, Morona Santiago, Ecuador","Rio Anso, near Mera",-1.47,-78.13,NA,NA,m,14,Dec,2006,NA,NA,Jiggins
34083,1231241678,Heliconius,erato,notabilis,,macho,"Palora, Morona Santiago, Ecuador","Rio Anso, near Mera",-1.47,-78.13,NA,NA,m,14,Dec,2006,NA,NA,Jiggins
34084,1231241679,Heliconius,erato,notabilis,,macho,"Palora, Morona Santiago, Ecuador","Rio Anso, near Mera",-1.47,-78.13,NA,NA,m,14,Dec,2006,NA,NA,Jiggins
34085,1231241680,Heliconius,erato,notabilis,,hembra,"Mera, Pastaza, Ecuador",Shell PA,-1.5,-78.04,NA,NA,m,12,Dec,2006,NA,NA,Jiggins
36969,1231248203,Heliconius,erato,notabilis,,desconocido,"Archidona, Napo, Ecuador",1-78b S,-0.75,-77.75,NA,NA,m,NA,NA,NA,NA,NA,KB 1979
36979,1231248213,Heliconius,erato,notabilis,,desconocido,"Pastaza, Pastaza, Ecuador",2-78b S,-1.75,-77.75,NA,NA,m,NA,NA,NA,NA,NA,KB 1979
37357,1231248591,Heliconius,erato,notabilis,,desconocido,"Baños de Agua Santa, Tungurahua, Ecuador",1-78c S,-1.25,-78.25,NA,NA,m,NA,NA,NA,NA,NA,KB 1979
37372,1231248606,Heliconius,erato,notabilis,,desconocido,"Morona, Morona Santiago, Ecuador",2-78c S,-2.25,-78.25,NA,NA,m,NA,NA,NA,NA,NA,KB 1979
37848,1231249082,Heliconius,erato,notabilis,,desconocido,"Arajuno, Pastaza, Ecuador",1-78d S,-1.25,-77.75,NA,NA,m,NA,NA,NA,NA,NA,KB 1979
55051,NA,Heliconius,erato,notabilis,,macho,"Mera, Pastaza, Ecuador","Parque Nacional Sangay: Rio San Luis, la Lorena, Morona Santiago",-1.45,-78.13,NA,NA,m,NA,NA,NA,19_jan  ,NA,Parque Nacional Sangay
55060,NA,Heliconius,erato,notabilis,,macho,"Mera, Pastaza, Ecuador","Parque Nacional Sangay: Mera, Morona Santiago",-1.45,-78.12,NA,NA,m,NA,NA,NA,22_nov  ,NA,Parque Nacional Sangay
55069,NA,Heliconius,erato,notabilis,,macho,"Mera, Pastaza, Ecuador","Parque Nacional Sangay: Rio San Luis, la Lorena, Morona Santiago",-1.45,-78.13,NA,NA,m,NA,NA,NA,23_fev,NA,Parque Nacional Sangay
55079,NA,Heliconius,erato,notabilis,,macho,"Baños de Agua Santa, Tungurahua, Ecuador","Parque Nacional Sangay: Topo, Rio Negro, Tungurahua",-1.4,-78.18,NA,NA,m,NA,NA,NA,24_nov  ,NA,Parque Nacional Sangay
55983,NA,Heliconius,erato,notabilis,,NA,"Quijos, Napo, Ecuador",Orito Yacu Rio ECO NA,-0.5,-77.87,0,0,m,NA,NA,NA,NA,NA,MECN TABD
55984,NA,Heliconius,erato,notabilis,,NA,"Quijos, Napo, Ecuador",Orito Yacu Rio ECO NA,-0.5,-77.87,0,0,m,NA,NA,NA,NA,NA,MECN TABD
55985,NA,Heliconius,erato,notabilis,,NA,"Baños de Agua Santa, Tungurahua, Ecuador",Río Topo Ecuador Tungurahua,-1.42,-78.17,1200,1300,m,NA,NA,NA,NA,NA,MECN TABD
55986,NA,Heliconius,erato,notabilis,,NA,"Quijos, Napo, Ecuador",Orito Yacu Rio ECO NA,-0.5,-77.87,0,0,m,NA,NA,NA,NA,NA,MECN TABD
55987,NA,Heliconius,erato,notabilis,,NA,"Quijos, Napo, Ecuador",Orito Yacu Rio ECO NA,-0.5,-77.87,0,0,m,NA,NA,NA,NA,NA,MECN TABD
55988,NA,Heliconius,erato,notabilis,,NA,"Quijos, Napo, Ecuador",Orito Yacu Rio ECO NA,-0.5,-77.87,0,0,m,NA,NA,NA,NA,NA,MECN TABD
55989,NA,Heliconius,erato,notabilis,,NA,"Quijos, Napo, Ecuador",Orito Yacu Rio ECO NA,-0.5,-77.87,0,0,m,NA,NA,NA,NA,NA,MECN TABD
55990,NA,Heliconius,erato,notabilis,,NA,"Quijos, Napo, Ecuador",Orito Yacu Rio ECO NA,-0.5,-77.87,0,0,m,NA,NA,NA,NA,NA,MECN TABD
55991,NA,Heliconius,erato,notabilis,,NA,"Quijos, Napo, Ecuador",Orito Yacu Rio ECO NA,-0.5,-77.87,0,0,m,NA,NA,NA,NA,NA,MECN TABD
55992,NA,Heliconius,erato,notabilis,,NA,"Quijos, Napo, Ecuador",Orito Yacu Rio ECO NA,-0.5,-77.87,0,0,m,NA,NA,NA,NA,NA,MECN TABD
55993,NA,Heliconius,erato,notabilis,,NA,"Quijos, Napo, Ecuador",Orito Yacu Rio ECO NA,-0.5,-77.87,0,0,m,NA,NA,NA,NA,NA,MECN TABD
55994,NA,Heliconius,erato,notabilis,,NA,"Mera, Pastaza, Ecuador",Shell Ecuador Pastaza,-1.49,-78.06,1050,1050,m,NA,NA,NA,NA,NA,MECN TABD
54162750,54162750,Heliconius,erato,notabilis,,NA,"Pastaza, Pastaza, Ecuador",", Pastaza, Ecuador",-1.480243,-78.012542,NA,NA,NA,18,Feb,2017,NA,Eerika Schulz,iNaturalist
66884909,66884909,Heliconius,erato,notabilis,,NA,"Baños de Agua Santa, Tungurahua, Ecuador","CantÃ³n BaÃ±os, Ecuador",-1.4073655,-78.22570679,NA,NA,NA,20,Dec,2020,NA,Christiana Fattorelli,iNaturalist
96915610,96915610,Heliconius,erato,notabilis,,NA,"Baños de Agua Santa, Tungurahua, Ecuador","BaÃ±os Canton, Ecuador",-1.402213236,-78.18634379,NA,NA,NA,28,Sep,2021,NA,David Geale,iNaturalist
96915611,96915611,Heliconius,erato,notabilis,,NA,"Baños de Agua Santa, Tungurahua, Ecuador","BaÃ±os Canton, Ecuador",-1.402213236,-78.18634379,NA,NA,NA,28,Sep,2021,NA,David Geale,iNaturalist
99385286,99385286,Heliconius,erato,notabilis,,NA,"Baños de Agua Santa, Tungurahua, Ecuador","El Topo, Rio Zunac, Ecuador",-1.402884203,-78.18747104,NA,NA,NA,28,Sep,2021,NA,John Christensen,iNaturalist
105854327,105854327,Heliconius,erato,notabilis,,NA,"Baños de Agua Santa, Tungurahua, Ecuador","El Topo, Rio Zunac, BaÃ±os Canton, Ecuador",-1.402884,-78.187471,NA,NA,NA,28,Sep,2021,NA,Jim Anno,iNaturalist
105865356,105865356,Heliconius,erato,notabilis,,NA,"Baños de Agua Santa, Tungurahua, Ecuador","El Topo, Rio Zunac, BaÃ±os Canton, Ecuador",-1.402884,-78.187471,NA,NA,NA,28,Sep,2021,NA,Jim Anno,iNaturalist
108186455,108186455,Heliconius,erato,notabilis,,NA,"Pastaza, Pastaza, Ecuador","Finca Heimatlos, Pastaza Canton, Ecuador",-1.615176517,-77.83733715,NA,NA,NA,4,Mar,2022,NA,Karen Yukich,iNaturalist
151049171,151049171,Heliconius,erato,notabilis,,NA,"Mera, Pastaza, Ecuador",åŽ„ç“œå¤šæ¢…æ‹‰,-1.415720799,-78.09971307,NA,NA,NA,4,Nov,2015,NA,Arex Li,iNaturalist
188282663,188282663,Heliconius,erato,notabilis,,NA,"Mera, Pastaza, Ecuador","ÐœÐµÑ€Ð°, Ð­ÐºÐ²Ð°Ð´Ð¾Ñ€",-1.430907626,-78.10223734,NA,NA,NA,6,Nov,2018,NA,Dr. Alexey Yakovlev,iNaturalist
190011917,190011917,Heliconius,erato,notabilis,,NA,"Mera, Pastaza, Ecuador","GVXQ+7J6, Mera, Ecuador",-1.4533815,-78.1126619,NA,NA,NA,4,Nov,2023,NA,Alessandro Franchini,iNaturalist
191085534,191085534,Heliconius,erato,notabilis,,NA,"Baños de Agua Santa, Tungurahua, Ecuador","BaÃ±os Canton, Ecuador",-1.406000107,-78.16682403,NA,NA,NA,14,Nov,2023,NA,,iNaturalist
206184944,206184944,Heliconius,erato,notabilis,,NA,"Huamboya, Morona Santiago, Ecuador","Rio Chiguaza, Huamboya, Ecuador",-1.918754861,-77.83133807,NA,NA,NA,26,Sep,2021,NA,John Christensen,iNaturalist